,submission_time,num_gpus,duration
0,0,1,21
1,0,1,44
2,0,1,1800
3,0,1,333
4,0,1,194
5,0,1,205
6,0,1,647
7,0,1,30
8,1,1,143
9,1,1,282
10,1,1,41
11,1,1,1800
12,1,1,142
13,1,1,33
14,2,1,1800
15,2,1,152
16,2,1,1109
17,2,1,1800
18,2,1,1800
19,2,1,42
20,2,1,72
21,2,1,121
22,2,1,72
23,2,1,112
24,3,1,263
25,3,1,193
26,3,1,1800
27,3,1,1800
28,3,1,1372
29,4,1,215
30,4,1,62
31,4,1,91
32,4,1,676
33,4,1,23
34,4,1,134
35,4,1,405
36,4,1,385
37,4,1,62
38,4,1,91
39,4,1,1800
40,4,1,71
41,4,1,121
42,4,1,1800
43,4,1,305
44,4,1,33
45,4,1,1800
46,4,2,42
47,5,1,1800
48,5,1,446
49,5,1,634
50,5,1,556
51,5,1,52
52,5,1,1800
53,5,1,458
54,5,1,264
55,5,1,428
56,5,1,244
57,5,1,1071
58,6,1,223
59,6,1,31
60,7,1,120
61,7,1,71
62,7,1,1800
63,7,1,237
64,8,1,63
65,8,2,308
66,8,1,82
67,8,1,319
68,8,1,113
69,8,1,104
70,8,1,324
71,8,1,144
72,8,1,21
73,9,1,1231
74,9,1,112
75,9,1,171
76,9,1,81
77,9,1,120
78,9,1,1800
79,9,1,1800
80,9,1,12
81,9,1,141
82,9,1,91
83,9,1,81
84,9,1,187
85,9,1,320
86,10,1,1682
87,10,1,1340
88,10,1,28
89,10,1,1800
90,10,1,132
91,10,1,112
92,11,1,62
93,11,1,102
94,11,8,1800
95,11,4,517
96,11,1,364
97,12,1,373
98,12,1,1800
99,12,1,35
100,12,1,51
101,12,1,154
102,12,1,68
103,12,1,1097
104,12,1,35
105,12,1,1800
106,12,1,42
107,13,1,41
108,13,1,13
109,13,1,507
110,13,1,41
111,13,1,806
112,13,1,103
113,14,1,71
114,14,1,1800
115,14,1,1800
116,14,1,1800
117,14,1,109
118,15,1,496
119,15,1,344
120,16,1,72
121,16,1,43
122,16,1,245
123,16,1,41
124,16,1,216
125,17,1,52
126,17,1,30
127,17,1,1800
128,17,1,1800
129,18,1,1800
130,18,1,233
131,18,1,1189
132,18,1,1800
133,18,1,51
134,18,1,23
135,18,1,53
136,19,1,568
137,19,1,788
138,19,1,929
139,19,1,254
140,19,1,32
141,20,1,1238
142,20,1,84
143,20,1,1800
144,20,1,112
145,21,1,13
146,21,1,264
147,21,1,133
148,21,1,1800
149,21,1,1800
150,21,1,73
151,21,1,42
152,21,1,507
153,22,1,73
154,22,1,300
155,22,1,490
156,22,1,229
157,22,1,1800
158,22,1,22
159,23,1,1800
160,23,1,1800
161,23,1,203
162,23,1,612
163,23,1,272
164,23,1,540
165,23,1,1800
166,23,1,1517
167,24,1,13
168,25,1,1800
169,25,1,1558
170,26,1,1800
171,26,1,1800
172,26,1,393
173,26,1,620
174,26,1,33
175,26,1,355
176,26,1,1800
177,27,1,1800
178,27,1,1800
179,27,1,465
180,28,1,13
181,28,1,101
182,29,1,981
183,29,1,210
184,29,1,145
185,29,4,561
186,29,1,19
187,30,1,284
188,30,1,1800
189,30,1,1800
190,30,1,266
191,30,1,535
192,31,1,41
193,31,1,62
194,31,1,1800
195,32,2,1800
196,32,1,71
197,33,1,22
198,33,1,274
199,34,1,696
200,34,1,52
201,34,1,663
202,34,1,238
203,34,1,376
204,34,1,717
205,34,1,256
206,35,1,1800
207,35,1,233
208,35,1,32
209,35,8,1800
210,35,1,506
211,36,1,720
212,37,1,84
213,37,1,233
214,37,1,117
215,37,1,13
216,37,1,211
217,38,1,12
218,38,1,224
219,38,1,1800
220,39,1,1800
221,39,1,1800
222,39,2,1800
223,39,1,286
224,39,1,276
225,39,1,13
226,40,1,213
227,40,1,85
228,40,1,1800
229,40,1,42
230,40,1,127
231,40,1,552
232,40,1,364
233,41,1,1800
234,41,1,1800
235,41,1,540
236,41,1,1800
237,41,1,1800
238,42,1,797
239,42,1,625
240,42,1,154
241,42,1,1800
242,42,1,23
243,42,1,12
244,42,1,959
245,43,1,766
246,43,1,1800
247,43,1,163
248,43,1,14
249,43,1,797
250,44,1,1800
251,44,1,378
252,44,1,358
253,44,1,377
254,44,1,1630
255,45,1,36
256,45,1,65
257,45,1,61
258,45,1,314
259,46,1,52
260,46,1,1800
261,46,1,1800
262,46,1,33
263,46,1,245
264,46,1,1800
265,46,1,905
266,47,1,31
267,47,1,516
268,47,1,81
269,48,1,1800
270,48,1,1800
271,48,1,1800
272,48,1,1638
273,48,1,52
274,48,2,1800
275,48,1,37
276,48,1,313
277,48,1,76
278,49,1,1455
279,49,1,281
280,49,1,33
281,49,1,120
282,49,1,887
283,49,1,1800
284,49,1,33
285,49,1,156
286,50,2,1800
287,50,1,1800
288,50,1,396
289,50,1,1800
290,50,1,241
291,50,1,71
292,50,1,94
293,50,1,122
294,50,1,449
295,51,1,73
296,51,1,1800
297,51,1,97
298,51,1,1503
299,51,1,1800
300,52,1,93
301,52,1,104
302,52,1,1800
303,52,1,1008
304,52,1,35
305,52,1,23
306,54,1,1320
307,54,1,12
308,55,1,475
309,55,1,1800
310,55,1,975
311,55,1,23
312,55,1,1800
313,55,1,1065
314,56,1,1097
315,56,1,283
316,56,1,53
317,57,1,52
318,58,1,1800
319,58,1,1800
320,58,1,1004
321,58,1,1800
322,58,1,21
323,59,1,1800
324,59,1,583
325,59,1,1597
326,60,1,12
327,61,1,133
328,61,1,33
329,61,1,262
330,61,1,565
331,62,1,41
332,62,1,1448
333,62,1,1800
334,62,1,33
335,62,1,1014
336,62,1,500
337,62,1,92
338,62,1,349
339,63,1,445
340,63,1,411
341,63,1,12
342,63,1,614
343,63,1,425
344,63,1,184
345,63,1,234
346,64,1,1800
347,64,1,52
348,64,1,359
349,64,2,52
350,64,1,167
351,65,1,12
352,65,2,162
353,65,1,53
354,65,1,255
355,65,1,1800
356,65,1,1800
357,65,1,32
358,66,1,635
359,66,1,1800
360,66,1,1800
361,66,1,1800
362,66,1,1800
363,66,1,1800
364,67,1,255
365,67,1,63
366,67,1,1800
367,67,1,95
368,67,1,22
369,67,1,153
370,68,1,1800
371,68,1,12
372,68,1,769
373,68,1,181
374,69,1,112
375,69,1,103
376,70,1,1800
377,70,1,365
378,70,1,154
379,70,1,497
380,70,1,1501
381,70,1,1800
382,70,1,1800
383,70,1,43
384,71,1,1800
385,71,1,122
386,71,1,1800
387,71,1,1800
388,71,1,1800
389,71,1,1800
390,71,1,1800
391,71,1,320
392,71,1,1800
393,71,1,993
394,71,1,1800
395,71,1,194
396,71,1,1800
397,71,1,1800
398,71,1,364
399,71,1,1800
400,71,1,293
401,71,1,1800
402,71,1,61
403,71,4,535
404,71,1,1800
405,71,1,389
406,71,1,1800
407,71,1,1800
408,71,1,276
409,72,1,585
410,72,1,1800
411,72,1,1800
412,72,1,351
413,72,1,1800
414,72,1,1800
415,72,1,1800
416,72,1,1800
417,72,1,1800
418,72,1,1800
419,72,1,1800
420,72,1,62
421,72,1,1800
422,72,1,1800
423,72,1,13
424,73,1,13
425,73,1,351
426,73,1,51
427,73,1,41
428,73,1,355
429,73,1,178
430,74,1,1800
431,74,1,1800
432,74,1,1800
433,74,1,1800
434,74,1,32
435,74,1,606
436,74,1,1800
437,74,1,1800
438,74,1,1800
439,75,1,31
440,75,1,1800
441,75,1,298
442,76,1,333
443,76,1,113
444,76,1,191
445,76,1,62
446,76,1,1800
447,77,1,31
448,77,1,72
449,77,1,969
450,78,1,445
451,78,1,1800
452,78,1,43
453,79,1,1800
454,79,1,233
455,79,1,1800
456,79,1,1800
457,79,1,1800
458,79,1,71
459,79,1,1800
460,79,1,1800
461,79,1,1800
462,79,1,1800
463,79,1,1800
464,79,1,1800
465,79,1,1800
466,79,1,1800
467,79,1,1800
468,79,1,1800
469,79,1,1800
470,79,1,1800
471,79,1,1800
472,79,1,276
473,79,1,52
474,79,1,1800
475,79,1,1800
476,79,1,1800
477,80,1,13
478,81,1,386
479,81,1,413
480,81,1,533
481,81,1,377
482,81,1,1800
483,81,1,22
484,81,1,223
485,81,1,379
486,81,1,183
487,82,1,736
488,83,1,935
489,83,1,935
490,83,1,12
491,83,1,1800
492,83,1,1800
493,83,1,89
494,83,1,1049
495,83,1,1280
496,83,1,1047
497,83,1,902
498,84,1,55
499,84,1,115
500,84,1,835
501,84,1,941
502,84,1,527
503,84,1,115
504,85,1,1303
505,85,1,787
506,86,1,262
507,86,1,207
508,86,1,147
509,86,1,91
510,86,1,464
511,87,1,90
512,87,1,1800
513,88,1,154
514,88,1,1800
515,88,1,1800
516,88,1,997
517,88,1,1800
518,88,1,1800
519,88,1,1800
520,88,1,1800
521,88,1,1800
522,88,1,1800
523,88,1,1800
524,88,1,1800
525,88,1,1800
526,88,1,1800
527,88,1,1800
528,88,1,787
529,88,1,1800
530,88,1,1800
531,88,1,1800
532,88,1,405
533,88,1,1800
534,88,1,334
535,88,1,1800
536,88,1,1800
537,88,1,1800
538,88,1,1800
539,88,1,1800
540,88,1,1800
541,88,1,1800
542,88,1,1800
543,88,1,1800
544,88,1,627
545,88,1,1280
546,88,1,1800
547,88,1,385
548,88,1,1800
549,88,1,1800
550,88,1,1800
551,88,1,1800
552,88,1,1800
553,88,1,1800
554,88,1,113
555,88,1,1800
556,88,1,1800
557,88,1,1800
558,88,1,1800
559,88,1,1800
560,88,1,1800
561,88,1,1800
562,88,1,1800
563,88,1,1800
564,88,1,1800
565,88,1,1210
566,88,1,788
567,88,1,1058
568,88,1,1800
569,88,1,1800
570,88,1,324
571,88,1,1800
572,88,1,415
573,88,1,60
574,88,1,861
575,88,1,1800
576,88,1,1049
577,88,1,536
578,88,1,1800
579,88,1,124
580,88,1,1800
581,88,1,1800
582,88,1,757
583,88,1,1800
584,88,1,355
585,88,1,1800
586,88,1,1800
587,88,1,1800
588,88,1,1800
589,88,1,807
590,88,1,123
591,88,1,1800
592,88,1,1800
593,88,1,668
594,88,1,1800
595,88,1,637
596,88,1,1800
597,88,1,1042
598,88,1,1800
599,88,1,1800
600,88,1,1800
601,88,1,616
602,88,1,1800
603,88,1,747
604,88,1,1056
605,88,1,1800
606,88,1,1800
607,88,1,1800
608,88,1,1800
609,88,1,1800
610,88,1,113
611,88,1,1638
612,89,1,1800
613,89,1,51
614,89,1,90
615,90,1,224
616,90,1,1800
617,91,1,12
618,91,1,116
619,91,1,1800
620,91,1,41
621,91,1,586
622,91,1,5
623,92,1,72
624,92,1,121
625,92,1,135
626,92,1,738
627,92,1,356
628,93,1,52
629,93,1,335
630,94,1,1800
631,94,1,214
632,94,1,1800
633,94,1,223
634,94,1,65
635,95,1,73
636,95,1,1800
637,95,1,309
638,95,1,576
639,95,1,4
640,95,1,758
641,96,1,285
642,96,1,1217
643,96,1,727
644,96,1,948
645,96,1,1800
646,97,1,1800
647,97,1,1125
648,98,1,1800
649,98,1,3
650,99,1,23
651,99,1,168
652,99,1,396
653,99,1,770
654,99,1,352
655,99,1,350
656,99,1,1800
657,100,1,1800
658,100,1,989
659,100,1,1099
660,100,1,1800
661,100,1,1800
662,101,1,1800
663,101,1,33
664,101,1,1800
665,101,1,1800
666,101,1,252
667,101,1,1800
668,101,1,5
669,101,1,1800
670,102,1,1800
671,102,1,448
672,103,1,1800
673,103,1,150
674,104,1,1800
675,104,1,43
676,104,1,588
677,105,1,1800
678,105,1,1800
679,105,1,1800
680,105,1,1800
681,105,1,1800
682,105,1,1194
683,105,1,760
684,105,1,1800
685,106,1,1800
686,107,1,186
687,107,1,1800
688,107,1,657
689,108,1,1800
690,108,1,389
691,108,1,1800
692,108,1,1800
693,108,1,331
694,108,1,1800
695,108,1,34
696,108,1,52
697,108,1,102
698,109,1,1800
699,109,1,1800
700,109,1,410
701,110,1,1800
702,110,1,1800
703,110,1,23
704,110,1,1382
705,110,1,1800
706,110,1,53
707,111,1,1800
708,111,1,78
709,111,1,1800
710,111,1,33
711,111,1,1800
712,111,1,1800
713,111,1,580
714,111,1,1800
715,111,1,223
716,112,1,1800
717,112,1,1800
718,112,1,43
719,112,1,1800
720,112,1,1800
721,113,1,1800
722,113,1,1800
723,113,1,22
724,114,1,1451
725,114,1,64
726,114,1,312
727,114,1,97
728,114,1,62
729,114,1,224
730,115,1,1800
731,115,1,1800
732,115,1,1800
733,115,1,1800
734,116,1,1800
735,116,1,1800
736,116,1,325
737,117,1,1800
738,117,1,1800
739,117,1,247
740,118,1,616
741,118,1,1800
742,118,1,1800
743,119,1,23
744,119,2,1472
745,120,1,46
746,120,1,1800
747,120,1,606
748,120,1,445
749,120,1,337
750,120,1,1800
751,121,1,1800
752,121,1,33
753,121,1,42
754,121,1,272
755,122,1,657
756,122,1,1800
757,122,1,1800
758,122,1,41
759,122,1,82
760,123,1,1800
761,123,1,156
762,123,1,1800
763,123,1,504
764,123,1,484
765,123,1,142
766,124,1,1800
767,124,1,33
768,124,1,1800
769,124,1,1800
770,124,1,1800
771,124,1,1800
772,124,1,1800
773,124,1,112
774,124,1,1800
775,125,1,1800
776,125,1,1800
777,125,1,1800
778,126,1,52
779,126,2,153
780,126,1,193
781,126,1,1800
782,126,1,1800
783,126,1,96
784,126,1,726
785,126,1,1800
786,127,1,1800
787,127,1,432
788,128,1,1800
789,128,8,1800
790,128,1,711
791,128,1,1800
792,128,1,366
793,129,1,1800
794,129,1,605
795,129,1,94
796,129,1,998
797,129,1,605
798,129,1,112
799,129,1,716
800,129,1,596
801,129,1,989
802,129,1,596
803,129,1,648
804,129,1,324
805,129,1,12
806,129,1,787
807,129,1,112
808,129,1,113
809,129,1,63
810,129,1,75
811,129,1,796
812,129,1,585
813,129,1,1800
814,129,1,727
815,129,1,113
816,129,1,725
817,129,1,778
818,129,1,858
819,129,1,616
820,129,1,595
821,129,1,123
822,129,1,63
823,130,1,233
824,130,1,341
825,131,1,52
826,131,1,1800
827,131,1,1800
828,131,1,681
829,132,1,51
830,132,1,41
831,132,4,529
832,132,1,606
833,132,1,1800
834,132,1,315
835,132,1,1800
836,132,1,1800
837,133,1,41
838,134,1,645
839,134,1,43
840,134,1,31
841,134,1,22
842,134,1,73
843,134,2,52
844,135,1,1800
845,135,1,1800
846,135,1,1800
847,136,1,51
848,136,1,1800
849,137,1,28
850,137,1,82
851,137,1,13
852,138,1,264
853,138,1,1800
854,139,1,154
855,139,1,451
856,139,1,224
857,139,1,61
858,139,1,161
859,139,1,62
860,139,1,1194
861,139,1,33
862,140,1,1461
863,140,2,1800
864,140,1,182
865,140,1,22
866,140,1,1800
867,141,1,396
868,141,1,42
869,142,1,91
870,143,1,284
871,143,1,588
872,143,1,1800
873,143,1,525
874,144,1,1132
875,144,1,262
876,145,1,1800
877,145,1,1800
878,146,1,278
879,147,1,391
880,147,1,287
881,147,1,321
882,147,1,237
883,147,1,1800
884,147,1,382
885,147,1,292
886,147,1,247
887,147,1,341
888,147,1,242
889,147,1,351
890,147,1,287
891,147,1,382
892,147,1,381
893,147,1,292
894,147,1,422
895,147,1,312
896,147,1,1800
897,147,1,292
898,147,1,381
899,148,1,396
900,149,1,35
901,149,1,35
902,150,1,1660
903,151,1,1266
904,151,1,42
905,151,1,166
906,151,1,22
907,151,1,72
908,152,8,1800
909,153,1,1441
910,153,1,188
911,153,1,62
912,154,1,32
913,154,1,133
914,154,1,218
915,154,1,22
916,154,1,179
917,155,1,1209
918,155,1,82
919,155,1,422
920,155,1,513
921,155,1,1800
922,155,1,492
923,155,1,423
924,155,1,572
925,155,1,482
926,156,1,463
927,156,1,320
928,156,1,1497
929,158,1,13
930,159,1,379
931,160,1,22
932,160,1,708
933,160,1,1800
934,160,1,271
935,160,1,62
936,160,1,697
937,161,1,1800
938,161,8,1800
939,161,1,1407
940,161,1,307
941,162,1,135
942,162,1,327
943,163,1,22
944,163,1,192
945,164,1,62
946,164,1,62
947,164,1,22
948,165,1,470
949,165,1,1035
950,165,1,1103
951,166,1,23
952,166,1,32
953,166,1,1800
954,166,1,1800
955,166,1,12
956,167,1,61
957,167,1,12
958,168,1,639
959,168,1,13
960,168,1,43
961,168,1,79
962,169,1,62
963,169,1,73
964,169,1,234
965,169,1,1800
966,169,8,1800
967,170,1,687
968,170,1,868
969,170,1,545
970,170,1,636
971,170,1,113
972,170,1,334
973,170,1,112
974,170,1,646
975,170,1,576
976,170,1,616
977,170,1,123
978,170,1,1789
979,170,1,647
980,170,1,677
981,170,1,576
982,170,1,878
983,170,1,585
984,170,1,967
985,170,1,918
986,170,1,203
987,170,1,687
988,170,1,726
989,170,1,666
990,170,1,103
991,170,1,676
992,170,1,364
993,170,1,939
994,170,1,22
995,170,1,113
996,170,1,113
997,170,1,1800
998,170,1,74
999,170,1,697
1000,170,1,726
1001,170,1,958
1002,171,1,1800
1003,171,1,77
1004,171,1,832
1005,172,1,52
1006,172,1,534
1007,173,8,1800
1008,173,1,260
1009,174,1,63
1010,174,1,184
1011,174,1,1800
1012,175,1,415
1013,175,1,717
1014,176,1,526
1015,176,1,306
1016,176,1,21
1017,176,1,1657
1018,176,1,465
1019,176,1,1705
1020,176,1,1800
1021,177,1,244
1022,177,1,1621
1023,177,1,1607
1024,177,1,1639
1025,177,1,1711
1026,177,1,74
1027,177,1,1477
1028,178,1,1800
1029,178,1,1800
1030,178,1,224
1031,179,1,1800
1032,179,1,53
1033,179,1,1640
1034,180,1,44
1035,180,1,13
1036,180,1,1800
1037,180,1,302
1038,181,1,261
1039,181,1,216
1040,181,1,1800
1041,181,1,273
1042,181,1,1800
1043,182,1,71
1044,182,1,24
1045,182,1,31
1046,182,1,1800
1047,183,1,22
1048,183,1,1689
1049,183,2,41
1050,183,1,42
1051,183,1,1800
1052,183,1,1587
1053,184,1,502
1054,184,1,592
1055,184,1,199
1056,184,1,62
1057,184,1,478
1058,184,1,572
1059,184,1,752
1060,184,1,654
1061,184,1,494
1062,185,1,23
1063,185,1,519
1064,185,1,1800
1065,185,1,1800
1066,185,1,1800
1067,186,1,155
1068,186,1,203
1069,186,1,1800
1070,186,1,1800
1071,186,1,153
1072,186,1,1800
1073,186,1,1800
1074,186,1,381
1075,186,1,1617
1076,186,2,153
1077,186,1,1800
1078,187,1,1800
1079,187,1,381
1080,187,1,305
1081,187,1,364
1082,188,1,1800
1083,189,1,95
1084,189,1,1800
1085,191,1,52
1086,192,1,51
1087,192,1,41
1088,192,1,253
1089,192,1,289
1090,192,1,42
1091,192,4,516
1092,193,4,1800
1093,193,1,63
1094,193,4,1800
1095,193,4,1800
1096,193,4,1800
1097,193,4,1800
1098,193,4,1800
1099,193,4,1800
1100,193,4,1800
1101,193,4,1800
1102,193,4,1800
1103,193,4,1800
1104,193,1,41
1105,193,4,1800
1106,193,4,1800
1107,193,4,1800
1108,193,1,67
1109,193,4,1800
1110,193,4,1800
1111,193,4,398
1112,193,4,649
1113,193,4,1800
1114,193,4,1800
1115,193,4,1800
1116,193,4,1800
1117,193,4,1800
1118,193,4,1800
1119,193,4,1800
1120,194,1,1800
1121,194,1,1800
1122,194,1,1800
1123,194,1,1800
1124,194,1,1800
1125,194,1,1800
1126,194,1,1800
1127,194,1,1800
1128,194,1,1800
1129,194,1,1800
1130,194,1,1800
1131,194,1,1800
1132,194,1,1800
1133,194,1,1800
1134,194,1,1800
1135,194,1,1800
1136,194,1,1800
1137,194,1,1800
1138,194,1,1800
1139,194,1,1800
1140,194,1,1800
1141,194,1,1800
1142,194,1,1800
1143,194,1,1800
1144,194,1,1800
1145,194,1,1800
1146,194,1,1800
1147,194,1,1800
1148,194,1,1800
1149,194,1,1800
1150,194,1,1800
1151,194,1,1800
1152,194,1,23
1153,194,1,1800
1154,194,1,1800
1155,195,1,1800
1156,195,1,1800
1157,195,1,1800
1158,195,1,167
1159,195,1,1800
1160,195,1,1800
1161,195,1,1800
1162,195,1,1800
1163,195,1,1800
1164,195,1,12
1165,195,1,12
1166,195,1,1800
1167,195,1,1800
1168,195,1,1800
1169,195,1,1800
1170,196,1,72
1171,196,1,13
1172,196,1,42
1173,196,1,1800
1174,196,1,1800
1175,197,1,535
1176,197,1,978
1177,197,1,1385
1178,197,1,1267
1179,197,1,1800
1180,198,1,43
1181,198,1,72
1182,199,1,1293
1183,199,1,1800
1184,199,1,537
1185,199,1,263
1186,200,1,71
1187,200,1,236
1188,200,1,203
1189,201,1,1460
1190,201,1,910
1191,201,1,757
1192,201,1,243
1193,201,1,947
1194,201,1,868
1195,201,1,1399
1196,201,1,244
1197,201,1,184
1198,201,1,1299
1199,201,1,1208
1200,201,1,243
1201,201,1,877
1202,201,1,1359
1203,201,1,1199
1204,201,1,888
1205,201,1,1720
1206,201,1,1360
1207,201,1,1800
1208,201,1,1380
1209,201,1,868
1210,201,1,253
1211,201,1,1459
1212,201,1,1298
1213,201,1,897
1214,201,1,1411
1215,201,1,877
1216,201,1,928
1217,201,1,1800
1218,201,1,817
1219,201,1,786
1220,201,1,194
1221,202,1,1800
1222,202,1,1800
1223,202,1,1800
1224,202,1,1800
1225,202,1,1800
1226,202,1,1800
1227,202,1,1800
1228,202,1,1800
1229,202,1,1800
1230,202,1,1800
1231,202,1,650
1232,202,1,1800
1233,202,1,91
1234,202,1,1531
1235,202,1,1800
1236,202,1,1800
1237,202,1,1800
1238,203,1,1800
1239,203,1,1800
1240,203,1,1800
1241,203,1,1800
1242,203,1,1800
1243,203,1,1800
1244,203,1,1800
1245,203,1,1800
1246,203,1,1800
1247,203,1,1800
1248,203,1,1800
1249,203,1,1800
1250,203,1,1800
1251,203,1,1800
1252,203,1,1800
1253,203,1,1800
1254,203,1,1800
1255,203,1,1800
1256,203,1,1800
1257,203,1,1800
1258,203,1,1800
1259,203,1,1800
1260,203,1,1800
1261,203,1,1800
1262,203,1,77
1263,203,1,1800
1264,203,1,1800
1265,203,1,1800
1266,203,1,1800
1267,203,1,1800
1268,203,1,1800
1269,203,1,1800
1270,203,1,1800
1271,203,1,1800
1272,203,1,1800
1273,203,1,1800
1274,203,1,1800
1275,203,1,1800
1276,203,1,1800
1277,204,1,1800
1278,204,1,1800
1279,204,1,1800
1280,204,1,1800
1281,204,1,1800
1282,204,1,1800
1283,204,1,1800
1284,204,1,1800
1285,204,1,1800
1286,204,1,1800
1287,204,1,1800
1288,204,1,1800
1289,204,1,1800
1290,204,1,1800
1291,204,1,1800
1292,204,1,1800
1293,204,1,1800
1294,204,1,1800
1295,204,1,1800
1296,204,1,1800
1297,204,1,1800
1298,204,1,1800
1299,204,1,1800
1300,204,1,1800
1301,204,1,1800
1302,204,1,1800
1303,204,1,1800
1304,204,1,1800
1305,204,1,1800
1306,204,1,1800
1307,204,1,1800
1308,204,1,1800
1309,204,1,1800
1310,204,1,1800
1311,204,1,1800
1312,204,1,1800
1313,205,1,1800
1314,205,1,1800
1315,205,1,1800
1316,205,1,1800
1317,205,1,1800
1318,205,1,1800
1319,205,1,1800
1320,205,1,1800
1321,205,1,1800
1322,205,1,1800
1323,205,1,1800
1324,205,1,1800
1325,205,1,1800
1326,205,1,197
1327,207,1,298
1328,207,1,102
1329,207,1,111
1330,207,1,1800
1331,207,1,273
1332,207,1,55
1333,207,1,112
1334,208,1,235
1335,208,1,706
1336,208,1,123
1337,208,1,445
1338,208,1,1800
1339,208,1,122
1340,208,1,124
1341,209,1,1800
1342,209,1,1140
1343,209,1,295
1344,209,1,1800
1345,209,1,1800
1346,210,1,1800
1347,210,1,23
1348,210,1,306
1349,210,1,104
1350,211,1,31
1351,211,1,336
1352,211,1,81
1353,212,1,101
1354,213,1,273
1355,213,1,42
1356,213,1,62
1357,213,1,22
1358,213,1,1800
1359,213,1,157
1360,214,1,12
1361,214,1,203
1362,215,1,797
1363,215,1,170
1364,215,1,104
1365,217,1,217
1366,218,1,114
1367,218,1,1800
1368,218,1,226
1369,219,1,1800
1370,219,1,1800
1371,219,1,1800
1372,219,1,1800
1373,219,1,1800
1374,219,1,1800
1375,219,1,1800
1376,219,1,1800
1377,219,1,317
1378,219,1,1800
1379,219,1,350
1380,219,1,1800
1381,219,1,60
1382,219,1,1800
1383,220,1,1452
1384,220,1,1565
1385,220,1,1435
1386,220,1,1331
1387,220,1,1800
1388,220,1,1800
1389,220,1,1616
1390,220,1,1522
1391,220,1,114
1392,220,1,1800
1393,221,1,486
1394,221,1,1800
1395,222,1,67
1396,222,1,12
1397,223,1,59
1398,223,1,182
1399,224,1,23
1400,225,1,1800
1401,225,1,1555
1402,225,1,827
1403,226,1,14
1404,227,1,62
1405,228,1,42
1406,228,1,62
1407,229,1,203
1408,229,1,292
1409,229,1,454
1410,229,1,399
1411,229,1,334
1412,229,1,286
1413,230,1,12
1414,230,1,1800
1415,230,1,1800
1416,231,1,1800
1417,231,1,1014
1418,232,1,900
1419,232,1,464
1420,232,1,757
1421,232,1,868
1422,232,1,1099
1423,232,1,858
1424,232,1,950
1425,232,1,887
1426,232,2,1800
1427,232,1,434
1428,232,1,786
1429,232,1,412
1430,232,1,807
1431,232,1,829
1432,232,1,434
1433,232,1,67
1434,232,1,475
1435,232,1,889
1436,232,1,183
1437,232,1,183
1438,232,1,848
1439,232,1,907
1440,232,1,769
1441,232,1,193
1442,232,1,173
1443,232,1,909
1444,232,1,787
1445,232,1,348
1446,232,1,445
1447,232,1,898
1448,232,1,817
1449,232,1,887
1450,233,1,315
1451,233,1,175
1452,233,1,1800
1453,233,1,969
1454,234,1,1459
1455,235,1,134
1456,235,1,96
1457,235,1,39
1458,235,1,13
1459,236,1,1800
1460,236,1,665
1461,236,1,1047
1462,236,1,1800
1463,237,1,13
1464,237,1,281
1465,237,1,1800
1466,237,1,309
1467,238,1,224
1468,238,1,315
1469,239,1,1725
1470,239,1,1800
1471,240,1,1800
1472,240,1,277
1473,240,1,73
1474,240,1,223
1475,240,1,44
1476,241,1,42
1477,241,1,271
1478,241,1,25
1479,242,1,32
1480,242,1,61
1481,242,1,1800
1482,242,1,1800
1483,243,1,118
1484,243,1,1800
1485,243,1,689
1486,244,1,1800
1487,244,1,171
1488,244,2,42
1489,244,1,1800
1490,244,1,254
1491,244,1,1800
1492,244,1,1800
1493,244,1,54
1494,245,1,1800
1495,245,1,502
1496,245,1,1800
1497,245,2,143
1498,245,1,252
1499,245,1,1484
1500,245,1,73
1501,245,1,575
1502,245,1,1800
1503,245,1,109
1504,246,1,1800
1505,246,1,1800
1506,246,1,1800
1507,246,1,23
1508,247,1,1800
1509,247,1,1800
1510,247,1,1800
1511,247,1,1800
1512,247,1,1800
1513,247,1,1800
1514,247,1,1800
1515,247,1,1800
1516,247,1,1800
1517,247,1,1800
1518,248,1,292
1519,248,1,23
1520,248,1,1800
1521,248,1,1800
1522,249,1,1800
1523,249,1,1615
1524,249,1,1593
1525,249,1,1800
1526,250,1,1800
1527,250,1,1800
1528,250,1,1800
1529,250,1,1800
1530,250,1,1800
1531,250,1,1800
1532,250,1,1800
1533,250,1,1800
1534,250,1,1800
1535,250,1,1800
1536,250,1,1800
1537,250,1,1800
1538,250,1,1800
1539,250,1,1800
1540,250,1,1800
1541,250,1,1800
1542,250,1,1800
1543,250,1,1800
1544,250,1,1800
1545,250,1,1800
1546,250,1,1800
1547,250,1,1800
1548,250,1,1800
1549,250,1,387
1550,250,1,1800
1551,250,1,1800
1552,250,1,1800
1553,250,1,1800
1554,250,1,1800
1555,250,1,1800
1556,250,1,1800
1557,250,1,1800
1558,250,1,1800
1559,250,1,1800
1560,250,1,1800
1561,250,1,1800
1562,250,1,1800
1563,250,1,1800
1564,250,1,1800
1565,250,1,1800
1566,250,1,1800
1567,250,1,1800
1568,250,1,1800
1569,250,1,1800
1570,250,1,1800
1571,250,1,1800
1572,250,1,1800
1573,250,1,1800
1574,250,1,1800
1575,250,1,1800
1576,250,1,1800
1577,250,1,1800
1578,250,1,1800
1579,250,1,1800
1580,250,1,1800
1581,250,1,1800
1582,251,1,1800
1583,251,1,1800
1584,251,1,1800
1585,251,1,1800
1586,251,1,1800
1587,251,1,1800
1588,251,1,1800
1589,251,1,1800
1590,251,4,499
1591,251,1,1800
1592,251,1,1800
1593,251,1,1800
1594,251,1,1800
1595,251,1,1800
1596,251,1,1800
1597,251,1,1800
1598,251,1,303
1599,251,1,1800
1600,251,1,1800
1601,251,1,1800
1602,251,1,1800
1603,251,1,33
1604,251,1,1800
1605,251,1,1800
1606,251,1,1800
1607,251,1,1800
1608,251,1,1800
1609,251,1,1800
1610,251,1,1800
1611,251,1,51
1612,251,1,73
1613,251,1,1800
1614,251,1,1800
1615,251,1,1800
1616,251,1,1800
1617,251,1,1800
1618,251,1,1800
1619,251,1,1800
1620,251,1,1800
1621,251,1,1800
1622,251,1,1800
1623,251,1,1800
1624,251,1,1800
1625,251,1,1800
1626,252,1,1800
1627,252,1,41
1628,252,1,75
1629,252,1,1145
1630,252,1,1800
1631,252,1,51
1632,252,1,1800
1633,253,1,171
1634,253,1,83
1635,253,1,24
1636,253,1,41
1637,254,1,32
1638,254,1,1800
1639,254,1,62
1640,254,1,1800
1641,254,1,12
1642,255,1,95
1643,255,1,85
1644,255,1,1800
1645,256,1,1800
1646,256,1,1800
1647,256,1,1800
1648,256,1,1800
1649,256,1,1800
1650,256,1,1800
1651,256,1,1800
1652,256,1,1800
1653,256,1,1800
1654,256,1,1800
1655,256,1,1800
1656,256,1,1800
1657,256,1,50
1658,256,1,1800
1659,256,1,1800
1660,256,1,1800
1661,256,1,1800
1662,256,1,1800
1663,256,1,1800
1664,256,1,1800
1665,256,1,1800
1666,256,1,1800
1667,256,1,1800
1668,256,1,1800
1669,256,1,1800
1670,256,1,1800
1671,256,1,32
1672,256,1,1800
1673,256,1,1800
1674,256,1,1800
1675,256,1,1800
1676,256,1,1800
1677,256,1,1800
1678,256,1,1800
1679,256,1,1800
1680,256,1,1800
1681,256,1,1800
1682,257,1,1800
1683,257,1,1800
1684,257,1,1800
1685,257,1,1800
1686,257,1,1800
1687,257,1,23
1688,257,1,1800
1689,257,1,1800
1690,257,1,1800
1691,257,1,1800
1692,257,1,24
1693,257,1,13
1694,257,1,1800
1695,257,1,1800
1696,257,1,1800
1697,257,1,1800
1698,257,1,1800
1699,257,1,1800
1700,257,1,1800
1701,257,1,1800
1702,257,1,1800
1703,257,1,1800
1704,257,1,1800
1705,257,1,1800
1706,257,1,1800
1707,257,1,1800
1708,257,1,1800
1709,257,1,1800
1710,257,1,1800
1711,257,1,1800
1712,257,1,1800
1713,257,1,1800
1714,257,1,23
1715,257,1,23
1716,257,1,1800
1717,257,1,1800
1718,257,1,1800
1719,257,1,1800
1720,257,1,1800
1721,257,1,23
1722,257,1,1800
1723,257,1,1800
1724,257,1,1800
1725,257,1,1800
1726,257,1,1800
1727,257,1,1800
1728,257,1,1800
1729,257,1,1800
1730,257,1,1800
1731,257,1,1800
1732,257,1,53
1733,257,1,1800
1734,257,1,1800
1735,257,1,1800
1736,257,1,12
1737,257,1,1800
1738,257,1,1469
1739,257,1,1800
1740,257,1,13
1741,257,1,1800
1742,257,1,1800
1743,257,1,12
1744,257,1,1800
1745,257,1,1800
1746,257,1,1800
1747,257,1,1800
1748,257,1,62
1749,257,1,1800
1750,257,1,1800
1751,257,1,1800
1752,257,1,1800
1753,257,1,1800
1754,257,1,23
1755,257,1,1800
1756,257,1,23
1757,257,1,1800
1758,257,1,1800
1759,257,1,23
1760,257,1,1800
1761,258,1,23
1762,258,1,12
1763,258,1,12
1764,258,1,12
1765,258,1,12
1766,258,1,12
1767,258,1,12
1768,258,1,13
1769,258,1,13
1770,258,1,12
1771,258,1,24
1772,258,1,13
1773,258,1,13
1774,258,1,12
1775,258,1,23
1776,258,1,12
1777,258,1,23
1778,258,1,23
1779,258,1,12
1780,258,1,12
1781,258,1,24
1782,258,1,23
1783,258,1,22
1784,258,1,73
1785,258,1,12
1786,258,1,12
1787,258,1,23
1788,258,1,12
1789,258,1,13
1790,258,1,23
1791,258,1,23
1792,258,1,12
1793,258,1,23
1794,258,1,23
1795,258,1,12
1796,258,1,23
1797,258,1,22
1798,258,1,23
1799,258,1,12
1800,259,1,233
1801,259,1,1800
1802,259,1,231
1803,259,1,234
1804,259,1,1800
1805,259,1,1800
1806,259,1,71
1807,259,1,172
1808,260,1,1648
1809,260,1,1641
1810,260,1,1800
1811,260,1,81
1812,261,1,1683
1813,261,1,14
1814,262,1,1714
1815,263,1,1800
1816,263,1,12
1817,263,1,1433
1818,263,1,1800
1819,263,1,83
1820,264,1,121
1821,264,1,576
1822,264,1,133
1823,264,1,245
1824,264,1,63
1825,264,1,223
1826,265,1,23
1827,265,1,1800
1828,265,1,23
1829,266,1,12
1830,266,1,1537
1831,267,1,1800
1832,267,1,1800
1833,267,1,798
1834,267,1,1800
1835,267,1,902
1836,267,1,1800
1837,267,1,797
1838,267,1,1800
1839,267,1,1800
1840,267,1,1800
1841,267,1,1416
1842,267,1,1800
1843,267,1,1800
1844,267,1,1800
1845,267,1,1800
1846,267,1,1800
1847,267,1,787
1848,267,1,1800
1849,267,1,1800
1850,267,1,1800
1851,267,1,1389
1852,267,1,1800
1853,267,1,972
1854,267,1,1800
1855,267,1,1800
1856,267,1,1800
1857,267,1,1800
1858,267,1,1800
1859,267,1,1800
1860,267,1,1800
1861,267,1,1800
1862,268,1,1701
1863,269,1,13
1864,269,1,1800
1865,269,1,203
1866,270,1,975
1867,271,1,1800
1868,271,1,1800
1869,271,1,1800
1870,272,1,1685
1871,272,1,62
1872,272,1,12
1873,273,1,92
1874,273,1,53
1875,274,1,303
1876,274,1,52
1877,274,1,164
1878,274,1,605
1879,275,1,194
1880,275,1,1800
1881,276,1,121
1882,276,1,688
1883,277,1,199
1884,279,1,248
1885,279,1,52
1886,279,1,76
1887,280,1,545
1888,280,1,505
1889,280,1,465
1890,280,1,404
1891,280,1,394
1892,280,1,1800
1893,280,1,444
1894,280,1,465
1895,280,1,554
1896,280,1,384
1897,280,1,374
1898,280,1,515
1899,280,1,696
1900,280,1,1800
1901,280,1,354
1902,280,1,414
1903,280,1,434
1904,280,1,614
1905,280,1,474
1906,280,1,394
1907,282,1,294
1908,283,1,267
1909,283,1,68
1910,283,1,213
1911,283,1,64
1912,283,1,1800
1913,283,1,291
1914,284,1,1800
1915,284,1,857
1916,284,1,1800
1917,285,1,324
1918,285,1,345
1919,285,1,324
1920,285,1,364
1921,285,1,343
1922,285,1,57
1923,285,1,334
1924,285,1,334
1925,285,1,324
1926,285,1,364
1927,285,1,344
1928,285,1,354
1929,285,1,324
1930,285,1,313
1931,285,1,404
1932,285,1,314
1933,285,1,375
1934,285,1,324
1935,285,1,344
1936,285,1,334
1937,286,1,1800
1938,286,1,13
1939,286,1,51
1940,286,1,778
1941,286,1,1425
1942,287,1,82
1943,287,1,1337
1944,287,1,102
1945,287,1,32
1946,288,1,103
1947,288,1,62
1948,288,1,72
1949,288,1,234
1950,288,1,262
1951,289,1,203
1952,289,1,67
1953,289,1,51
1954,290,1,284
1955,290,1,283
1956,290,1,284
1957,290,1,195
1958,290,1,294
1959,290,1,273
1960,290,1,294
1961,290,1,304
1962,290,1,314
1963,290,1,343
1964,290,1,274
1965,290,1,1800
1966,290,1,344
1967,290,1,303
1968,290,1,304
1969,290,1,195
1970,290,1,293
1971,290,1,304
1972,290,1,314
1973,290,1,323
1974,290,1,304
1975,291,1,640
1976,291,1,12
1977,291,1,23
1978,292,1,308
1979,293,1,334
1980,293,1,1800
1981,294,1,1270
1982,294,1,23
1983,294,1,1768
1984,295,1,264
1985,295,1,263
1986,295,1,253
1987,295,1,264
1988,295,1,264
1989,295,1,273
1990,295,1,273
1991,295,1,264
1992,295,1,264
1993,295,1,263
1994,295,1,264
1995,295,1,264
1996,295,1,273
1997,295,1,254
1998,295,1,274
1999,295,1,304
2000,295,1,324
2001,295,1,263
2002,297,1,940
2003,297,1,1800
2004,297,1,1800
2005,297,1,294
2006,297,1,938
2007,297,1,1800
2008,297,1,1800
2009,297,1,952
2010,298,1,12
2011,299,1,1800
2012,299,1,302
2013,299,1,403
2014,300,1,44
2015,300,1,253
2016,300,1,253
2017,300,1,244
2018,300,1,264
2019,300,1,294
2020,300,1,263
2021,300,1,253
2022,300,1,273
2023,300,1,254
2024,300,1,253
2025,300,1,273
2026,300,1,264
2027,300,1,253
2028,300,1,254
2029,300,1,263
2030,300,1,283
2031,300,8,1800
2032,300,1,253
2033,301,2,1800
2034,301,1,22
2035,301,1,295
2036,302,1,293
2037,302,8,1800
2038,302,1,222
2039,302,1,32
2040,302,1,33
2041,302,1,62
2042,303,1,124
2043,303,8,1800
2044,303,1,1800
2045,303,1,1800
2046,303,1,1800
2047,303,1,1800
2048,304,8,1800
2049,304,2,41
2050,304,1,454
2051,304,1,52
2052,304,1,1800
2053,304,1,235
2054,305,1,253
2055,305,8,1800
2056,305,1,294
2057,305,1,1800
2058,305,1,243
2059,305,1,585
2060,305,1,284
2061,305,1,1800
2062,305,1,273
2063,305,1,52
2064,305,1,1291
2065,305,1,243
2066,305,1,254
2067,305,1,264
2068,305,1,253
2069,305,1,253
2070,305,1,1800
2071,305,1,244
2072,305,1,283
2073,305,1,253
2074,305,1,243
2075,305,1,243
2076,305,1,244
2077,305,1,254
2078,305,1,253
2079,305,1,1800
2080,305,1,197
2081,306,1,1800
2082,306,1,1800
2083,306,1,1800
2084,306,1,105
2085,306,1,27
2086,306,1,1800
2087,306,2,153
2088,307,1,204
2089,307,1,1800
2090,308,1,327
2091,308,1,359
2092,309,1,428
2093,309,8,1800
2094,310,1,233
2095,310,1,485
2096,310,1,243
2097,310,1,254
2098,310,1,243
2099,310,1,233
2100,310,1,274
2101,310,1,253
2102,310,1,243
2103,310,1,243
2104,310,1,263
2105,310,1,254
2106,310,1,253
2107,310,1,284
2108,310,1,253
2109,310,1,243
2110,310,1,243
2111,310,1,233
2112,310,1,244
2113,311,4,497
2114,311,1,541
2115,311,1,502
2116,311,1,51
2117,311,1,21
2118,311,1,473
2119,311,1,1800
2120,311,1,1353
2121,311,1,519
2122,312,1,51
2123,312,1,597
2124,312,8,1800
2125,312,1,305
2126,312,1,1800
2127,312,1,1800
2128,312,1,463
2129,312,1,461
2130,313,1,42
2131,313,1,23
2132,313,1,478
2133,313,1,339
2134,313,1,12
2135,313,1,41
2136,314,1,22
2137,314,1,1800
2138,314,8,1800
2139,315,1,22
2140,315,1,22
2141,315,1,23
2142,315,1,24
2143,315,1,23
2144,315,1,12
2145,315,1,1800
2146,315,1,24
2147,315,1,233
2148,315,1,22
2149,315,1,264
2150,315,1,23
2151,315,1,22
2152,315,8,1800
2153,315,1,253
2154,315,1,23
2155,315,1,182
2156,315,1,12
2157,315,1,24
2158,315,1,12
2159,315,1,23
2160,315,1,243
2161,315,1,12
2162,315,1,24
2163,315,1,223
2164,315,1,23
2165,315,1,23
2166,315,1,243
2167,315,1,23
2168,315,1,23
2169,315,1,13
2170,315,1,23
2171,315,1,23
2172,315,1,23
2173,315,1,364
2174,315,1,12
2175,315,1,23
2176,315,1,24
2177,315,1,22
2178,315,1,23
2179,315,1,23
2180,315,1,243
2181,315,1,24
2182,315,1,13
2183,315,1,294
2184,315,1,24
2185,315,1,23
2186,315,1,14
2187,315,1,243
2188,315,1,23
2189,315,1,22
2190,315,1,384
2191,315,1,12
2192,315,1,23
2193,315,1,253
2194,315,1,23
2195,315,1,243
2196,315,1,263
2197,315,1,23
2198,315,1,24
2199,315,1,234
2200,315,1,23
2201,315,1,244
2202,315,1,284
2203,315,1,12
2204,315,1,23
2205,315,1,22
2206,315,1,274
2207,315,1,22
2208,315,1,22
2209,315,1,12
2210,316,1,1800
2211,316,1,1426
2212,316,1,1800
2213,316,1,13
2214,316,1,51
2215,317,8,1800
2216,317,1,52
2217,318,1,244
2218,318,1,23
2219,318,8,1800
2220,318,8,1800
2221,319,1,63
2222,319,1,283
2223,319,1,203
2224,319,1,239
2225,320,1,264
2226,320,1,234
2227,320,1,254
2228,320,1,365
2229,320,1,223
2230,320,1,71
2231,320,1,176
2232,320,1,243
2233,320,1,233
2234,320,1,234
2235,320,1,233
2236,320,1,223
2237,320,1,233
2238,320,1,213
2239,320,1,253
2240,320,1,253
2241,320,1,233
2242,320,1,233
2243,320,1,233
2244,320,1,273
2245,320,1,224
2246,320,1,256
2247,320,1,233
2248,321,1,483
2249,321,1,1800
2250,321,1,602
2251,322,1,1352
2252,323,1,262
2253,323,1,288
2254,324,1,335
2255,324,1,80
2256,324,1,1503
2257,325,1,223
2258,325,1,223
2259,325,1,274
2260,325,1,233
2261,325,1,243
2262,325,1,223
2263,325,1,233
2264,325,1,233
2265,325,1,254
2266,325,1,233
2267,325,1,243
2268,325,1,264
2269,325,1,264
2270,325,1,223
2271,325,1,224
2272,325,1,234
2273,325,1,233
2274,325,1,223
2275,326,1,240
2276,326,1,1510
2277,326,1,73
2278,327,1,1800
2279,327,1,1479
2280,327,1,259
2281,327,1,1170
2282,328,1,1380
2283,328,1,294
2284,328,1,1800
2285,330,1,223
2286,330,1,223
2287,330,1,264
2288,330,1,263
2289,330,1,234
2290,330,1,223
2291,330,1,264
2292,330,1,223
2293,330,1,223
2294,330,1,223
2295,330,1,23
2296,330,1,224
2297,330,1,233
2298,330,1,223
2299,330,1,223
2300,330,1,223
2301,330,1,234
2302,330,1,223
2303,331,1,1800
2304,331,1,1800
2305,332,1,62
2306,332,1,42
2307,332,1,41
2308,332,1,372
2309,332,1,1354
2310,333,1,1453
2311,333,1,61
2312,333,1,124
2313,333,1,72
2314,333,1,142
2315,333,1,546
2316,334,1,207
2317,334,1,212
2318,334,1,1800
2319,335,1,223
2320,335,1,223
2321,335,1,254
2322,335,1,223
2323,335,1,223
2324,335,1,223
2325,335,1,214
2326,335,1,223
2327,335,1,224
2328,335,1,223
2329,335,1,264
2330,335,1,223
2331,335,1,223
2332,335,1,265
2333,335,1,233
2334,335,1,253
2335,335,1,223
2336,335,1,223
2337,335,1,223
2338,336,1,1800
2339,336,1,383
2340,336,1,270
2341,336,8,1800
2342,337,1,678
2343,338,1,358
2344,338,1,23
2345,340,1,223
2346,340,1,223
2347,340,1,263
2348,340,1,1120
2349,340,1,213
2350,340,1,213
2351,340,1,223
2352,340,1,263
2353,340,1,254
2354,340,1,223
2355,340,1,224
2356,340,1,223
2357,340,1,223
2358,340,1,223
2359,340,1,223
2360,340,1,223
2361,340,1,223
2362,340,1,233
2363,340,1,223
2364,341,1,265
2365,341,8,1800
2366,341,1,114
2367,342,1,398
2368,342,1,1236
2369,343,1,315
2370,343,1,610
2371,343,8,1800
2372,343,1,1800
2373,343,1,23
2374,344,1,1800
2375,344,1,162
2376,344,1,280
2377,344,1,114
2378,345,1,213
2379,345,1,223
2380,345,1,223
2381,345,1,223
2382,345,1,254
2383,345,1,213
2384,345,1,253
2385,345,1,213
2386,345,1,224
2387,345,1,213
2388,345,1,213
2389,345,1,223
2390,345,1,213
2391,345,1,223
2392,345,1,254
2393,345,1,213
2394,345,1,214
2395,345,1,213
2396,346,1,35
2397,346,1,56
2398,346,1,41
2399,346,1,349
2400,346,1,1665
2401,346,1,35
2402,346,1,35
2403,347,1,1049
2404,347,1,52
2405,348,1,52
2406,349,1,1800
2407,349,1,1800
2408,349,1,203
2409,349,1,410
2410,349,1,63
2411,349,1,126
2412,350,1,243
2413,350,1,223
2414,350,1,213
2415,350,1,213
2416,350,1,213
2417,350,1,223
2418,350,1,213
2419,350,1,213
2420,350,1,223
2421,350,1,223
2422,350,1,213
2423,350,1,264
2424,350,1,214
2425,350,1,223
2426,350,1,405
2427,350,1,213
2428,350,1,243
2429,350,1,223
2430,350,1,223
2431,351,1,24
2432,352,1,1800
2433,352,1,1800
2434,353,1,37
2435,354,1,938
2436,354,1,753
2437,354,1,602
2438,355,1,213
2439,355,1,224
2440,355,1,54
2441,355,1,224
2442,355,1,223
2443,355,1,223
2444,355,1,13
2445,355,1,213
2446,355,1,213
2447,355,1,253
2448,355,1,213
2449,355,1,223
2450,355,1,213
2451,355,1,1800
2452,355,1,254
2453,355,1,213
2454,355,1,1800
2455,355,1,253
2456,355,1,213
2457,355,1,213
2458,355,1,213
2459,356,1,1181
2460,356,1,1800
2461,356,1,37
2462,356,1,1800
2463,357,1,441
2464,357,1,1800
2465,357,1,1800
2466,358,1,1351
