app,func,end_timestamp,duration
7b2c43a2bc30f6bb438074df88b603d2cb982d3e7961de05270735055950a568,e3cdb48830f66eb8689cc0223514569a69812b77e6611e3d59814fac0747bd2f,0.07949090003967285,0.078
1573b95c039e51cc012b543a4af3bc7c3ee9485acbb0033ba5648b74969e0556,337cd24a7d5fd5c92460faee4ebe6a186a0eb322bd17b73da7ffa153025794e1,57.15786004066467,57.154
1573b95c039e51cc012b543a4af3bc7c3ee9485acbb0033ba5648b74969e0556,48cc770d590d3c5a7691b3b4e9302f82ec3be5ddc2a037d94ad2e76f44dd8946,59.13047790527344,59.125
f274d71de386ccc77e4ca74766dbc485461c3053059d47266463c45ec92001b3,3d2aee54a133509f16fb636d74128c2adcfcac71c6dcef78fda1ace004f2ab47,6.2525410652160645,6.236
7b2c43a2bc30f6bb438074df88b603d2cb982d3e7961de05270735055950a568,68bbfd828223a505d7917339f4656c5f33ff93225cdb9d0fcbc9889edb49253a,0.06682395935058594,0.05
f7bfe5bc8d2a37a5c15986fbfc2c477a746e866adcb9663f9df7535b61c3eb9b,34f4775366e51728635af48df1a96d332cf1565eee069a0030f12966ae760274,0.0999910831451416,0.078
85479ef37b5dc75dd5aeca3bab499129b97a134dac5d740d2c68941de9d63031,49535532e285d1ef68b0a7b8c3bc3973b36ec38a4c594ec9f1412084c27036ff,2.251979112625122,2.229
85479ef37b5dc75dd5aeca3bab499129b97a134dac5d740d2c68941de9d63031,e6df36937abcf1f6d0be4f2e3ffd12d98717dd6f29a9cd233790506517888daf,1.29801607131958,1.275
85479ef37b5dc75dd5aeca3bab499129b97a134dac5d740d2c68941de9d63031,cd9f7f333d59aede8088772edac3bff78c45e2dad8eb498b450b9af511452a36,62.329188108444214,62.306
85479ef37b5dc75dd5aeca3bab499129b97a134dac5d740d2c68941de9d63031,e02465de583b6ceffa5b78cce5f10eb27e714a8a6b3aed483be50f30a924071f,2.2182869911193848,2.195
85479ef37b5dc75dd5aeca3bab499129b97a134dac5d740d2c68941de9d63031,4a4146ed669e9c0bdb2c7db94558df4ec44bf31ec5609d066408de4a4215efbd,1.4213778972625732,1.398
85479ef37b5dc75dd5aeca3bab499129b97a134dac5d740d2c68941de9d63031,514a9bcff07d21b5580057748e55e78bb062e3001a01b75b497939d5378cc78c,1.1266310214996338,1.103
85479ef37b5dc75dd5aeca3bab499129b97a134dac5d740d2c68941de9d63031,ebfe951bf36afd91115e54adab000c6325a83146c5f14e75ca03a16ed38f3831,1.6576330661773682,1.634
85479ef37b5dc75dd5aeca3bab499129b97a134dac5d740d2c68941de9d63031,d880a3e25b4baf00977b29491a01e9cf3bfd963a31b2013859d67b2b43291d74,62.3447699546814,62.321
938e7f49544b3293cd6cc7ec3e63e1751085cf5cb6a004dcc9e94543934f607b,e82f3b15ea2b9416b78d343a714f0156ff977191eaa5ff2996f06721239199a7,11.117239952087402,11.061
734272c01926d19690e5ec308bab64ef97950b75b1c7582283e0783fce1751d8,313c03f53a0d31f70aec25f62efb33e7dd779725ca4af579018452d1204beaad,9.935503959655762,9.872
734272c01926d19690e5ec308bab64ef97950b75b1c7582283e0783fce1751d8,cad5438d35e125ee9c4060b7083c78f20b41f9c2c5eadedb909208b3538750fd,1.5209410190582275,1.446
18ed3ca44bd1f7d411f1d047ed8cf38853fb184196afa59e91e68e5d06fda834,97d6075b5c2b8fe67580274dbc57ffa982cd4e8d8bb7185f5ac2aac3b5bedf47,0.20040392875671387,0.038
734272c01926d19690e5ec308bab64ef97950b75b1c7582283e0783fce1751d8,7940faf88dec730f882fc978f336d7a6db0c6069120abd95a953e9bfc988aecd,1.2438321113586426,1.072
734272c01926d19690e5ec308bab64ef97950b75b1c7582283e0783fce1751d8,38efaba861a5b15a20e34eca56eb09b983b316315d47c3ec8556ee89ecb99b5c,0.7951200008392334,0.62
734272c01926d19690e5ec308bab64ef97950b75b1c7582283e0783fce1751d8,449a838aea8cfe82bbf555476c04178732c351ca433788b9e59ea12f18a27817,1.2017788887023926,1.011
1573b95c039e51cc012b543a4af3bc7c3ee9485acbb0033ba5648b74969e0556,c1878e84053cffe7287f82809eed21900ebe12830034136e6f6f044eca15217e,61.97390604019165,61.218
17c37a0fdd5d1932b755c0e6447137bc08fd524f455e14fdac414f584de08dc5,c9f8e30e36d1aef62c10b3cfca6e289a93848a148d876dd514753040314f4817,1.2255890369415283,0.02
1573b95c039e51cc012b543a4af3bc7c3ee9485acbb0033ba5648b74969e0556,4ebfe961fb725aa1b0e95c0f40be44625edbfbbb9b89aa593e23d81211eb3e87,76.57382202148438,73.892
734272c01926d19690e5ec308bab64ef97950b75b1c7582283e0783fce1751d8,556ccf8758c8c2a20082c161e955405e950439f0503522fe129e709a5dc0e58f,420.32509899139404,404.987
734272c01926d19690e5ec308bab64ef97950b75b1c7582283e0783fce1751d8,556ccf8758c8c2a20082c161e955405e950439f0503522fe129e709a5dc0e58f,97.26405191421509,81.921
734272c01926d19690e5ec308bab64ef97950b75b1c7582283e0783fce1751d8,556ccf8758c8c2a20082c161e955405e950439f0503522fe129e709a5dc0e58f,138.19505500793457,122.852
734272c01926d19690e5ec308bab64ef97950b75b1c7582283e0783fce1751d8,556ccf8758c8c2a20082c161e955405e950439f0503522fe129e709a5dc0e58f,344.6477370262146,329.304
734272c01926d19690e5ec308bab64ef97950b75b1c7582283e0783fce1751d8,556ccf8758c8c2a20082c161e955405e950439f0503522fe129e709a5dc0e58f,17.29899311065674,1.955
734272c01926d19690e5ec308bab64ef97950b75b1c7582283e0783fce1751d8,556ccf8758c8c2a20082c161e955405e950439f0503522fe129e709a5dc0e58f,17.3070809841156,1.962
734272c01926d19690e5ec308bab64ef97950b75b1c7582283e0783fce1751d8,556ccf8758c8c2a20082c161e955405e950439f0503522fe129e709a5dc0e58f,365.66811990737915,350.323
734272c01926d19690e5ec308bab64ef97950b75b1c7582283e0783fce1751d8,556ccf8758c8c2a20082c161e955405e950439f0503522fe129e709a5dc0e58f,373.48638010025024,358.141
734272c01926d19690e5ec308bab64ef97950b75b1c7582283e0783fce1751d8,556ccf8758c8c2a20082c161e955405e950439f0503522fe129e709a5dc0e58f,373.31571888923645,357.97
734272c01926d19690e5ec308bab64ef97950b75b1c7582283e0783fce1751d8,556ccf8758c8c2a20082c161e955405e950439f0503522fe129e709a5dc0e58f,368.1852788925171,352.839
734272c01926d19690e5ec308bab64ef97950b75b1c7582283e0783fce1751d8,556ccf8758c8c2a20082c161e955405e950439f0503522fe129e709a5dc0e58f,373.7576279640198,358.411
734272c01926d19690e5ec308bab64ef97950b75b1c7582283e0783fce1751d8,556ccf8758c8c2a20082c161e955405e950439f0503522fe129e709a5dc0e58f,253.05169105529785,237.704
734272c01926d19690e5ec308bab64ef97950b75b1c7582283e0783fce1751d8,556ccf8758c8c2a20082c161e955405e950439f0503522fe129e709a5dc0e58f,351.8459060192108,336.498
734272c01926d19690e5ec308bab64ef97950b75b1c7582283e0783fce1751d8,556ccf8758c8c2a20082c161e955405e950439f0503522fe129e709a5dc0e58f,372.23893308639526,356.891
734272c01926d19690e5ec308bab64ef97950b75b1c7582283e0783fce1751d8,556ccf8758c8c2a20082c161e955405e950439f0503522fe129e709a5dc0e58f,366.7006061077118,351.348
734272c01926d19690e5ec308bab64ef97950b75b1c7582283e0783fce1751d8,556ccf8758c8c2a20082c161e955405e950439f0503522fe129e709a5dc0e58f,369.0161941051483,353.663
7fa05b607ae861b85ec53cea12d3efaed8be0f9a92f5d6e8067244161d491e96,9bc86d6cd1ee254aaa313492f0fd88be8bd7b92d50d4237ff52d7685440c0906,72.78731107711792,38.983
1573b95c039e51cc012b543a4af3bc7c3ee9485acbb0033ba5648b74969e0556,09f931e5da7db2443fe669898e6074ddd6c6cc943f98803056b8e9105f34cba1,112.02777099609375,55.146
734272c01926d19690e5ec308bab64ef97950b75b1c7582283e0783fce1751d8,313c03f53a0d31f70aec25f62efb33e7dd779725ca4af579018452d1204beaad,60.13367295265198,0.132
1573b95c039e51cc012b543a4af3bc7c3ee9485acbb0033ba5648b74969e0556,48cc770d590d3c5a7691b3b4e9302f82ec3be5ddc2a037d94ad2e76f44dd8946,113.82921695709229,53.816
7fa05b607ae861b85ec53cea12d3efaed8be0f9a92f5d6e8067244161d491e96,9bc86d6cd1ee254aaa313492f0fd88be8bd7b92d50d4237ff52d7685440c0906,116.7532160282135,43.928
1573b95c039e51cc012b543a4af3bc7c3ee9485acbb0033ba5648b74969e0556,4ebfe961fb725aa1b0e95c0f40be44625edbfbbb9b89aa593e23d81211eb3e87,125.52199196815491,48.928
1573b95c039e51cc012b543a4af3bc7c3ee9485acbb0033ba5648b74969e0556,09f931e5da7db2443fe669898e6074ddd6c6cc943f98803056b8e9105f34cba1,160.57836508750916,48.501
7fa05b607ae861b85ec53cea12d3efaed8be0f9a92f5d6e8067244161d491e96,9bc86d6cd1ee254aaa313492f0fd88be8bd7b92d50d4237ff52d7685440c0906,155.93603110313416,39.151
1573b95c039e51cc012b543a4af3bc7c3ee9485acbb0033ba5648b74969e0556,48cc770d590d3c5a7691b3b4e9302f82ec3be5ddc2a037d94ad2e76f44dd8946,162.45062589645386,42.453
734272c01926d19690e5ec308bab64ef97950b75b1c7582283e0783fce1751d8,313c03f53a0d31f70aec25f62efb33e7dd779725ca4af579018452d1204beaad,120.14265704154968,0.144
85479ef37b5dc75dd5aeca3bab499129b97a134dac5d740d2c68941de9d63031,e02465de583b6ceffa5b78cce5f10eb27e714a8a6b3aed483be50f30a924071f,121.06050205230713,0.14
85479ef37b5dc75dd5aeca3bab499129b97a134dac5d740d2c68941de9d63031,49535532e285d1ef68b0a7b8c3bc3973b36ec38a4c594ec9f1412084c27036ff,120.95112109184265,0.014
17c37a0fdd5d1932b755c0e6447137bc08fd524f455e14fdac414f584de08dc5,c9f8e30e36d1aef62c10b3cfca6e289a93848a148d876dd514753040314f4817,121.23670506477356,0.017
1573b95c039e51cc012b543a4af3bc7c3ee9485acbb0033ba5648b74969e0556,4ebfe961fb725aa1b0e95c0f40be44625edbfbbb9b89aa593e23d81211eb3e87,173.423348903656,47.86
7fa05b607ae861b85ec53cea12d3efaed8be0f9a92f5d6e8067244161d491e96,9bc86d6cd1ee254aaa313492f0fd88be8bd7b92d50d4237ff52d7685440c0906,186.99018597602844,30.991
db6be4a997f386b37c6246aaeecf81ab81562db84cf4c0d44907d9df2d0ab9fc,9040b71f8a0325ba418c85bcefa3b19c02c781bed6284af487d3f111f369534a,179.23307609558105,0.093
734272c01926d19690e5ec308bab64ef97950b75b1c7582283e0783fce1751d8,313c03f53a0d31f70aec25f62efb33e7dd779725ca4af579018452d1204beaad,180.2244040966034,0.219
85479ef37b5dc75dd5aeca3bab499129b97a134dac5d740d2c68941de9d63031,49535532e285d1ef68b0a7b8c3bc3973b36ec38a4c594ec9f1412084c27036ff,180.0143599510193,0.003
85479ef37b5dc75dd5aeca3bab499129b97a134dac5d740d2c68941de9d63031,e02465de583b6ceffa5b78cce5f10eb27e714a8a6b3aed483be50f30a924071f,180.17063188552856,0.159
f7bfe5bc8d2a37a5c15986fbfc2c477a746e866adcb9663f9df7535b61c3eb9b,34f4775366e51728635af48df1a96d332cf1565eee069a0030f12966ae760274,180.1123878955841,0.093
7fa05b607ae861b85ec53cea12d3efaed8be0f9a92f5d6e8067244161d491e96,9bc86d6cd1ee254aaa313492f0fd88be8bd7b92d50d4237ff52d7685440c0906,225.94077801704407,38.909
7fa05b607ae861b85ec53cea12d3efaed8be0f9a92f5d6e8067244161d491e96,9bc86d6cd1ee254aaa313492f0fd88be8bd7b92d50d4237ff52d7685440c0906,263.93578004837036,37.91
734272c01926d19690e5ec308bab64ef97950b75b1c7582283e0783fce1751d8,313c03f53a0d31f70aec25f62efb33e7dd779725ca4af579018452d1204beaad,240.14240193367004,0.141
85479ef37b5dc75dd5aeca3bab499129b97a134dac5d740d2c68941de9d63031,49535532e285d1ef68b0a7b8c3bc3973b36ec38a4c594ec9f1412084c27036ff,240.01628494262695,0.0
85479ef37b5dc75dd5aeca3bab499129b97a134dac5d740d2c68941de9d63031,e02465de583b6ceffa5b78cce5f10eb27e714a8a6b3aed483be50f30a924071f,240.11114311218262,0.094
c8c43e1a911f29e5506460a2fbef61ff39723d672f3b3b67d12d4c236c6872f7,653cdbc309bc359f3289d3b4df21c4a8e478d22946b35cbfdab05377dcacd3e0,243.282301902771,2.345
17c37a0fdd5d1932b755c0e6447137bc08fd524f455e14fdac414f584de08dc5,c9f8e30e36d1aef62c10b3cfca6e289a93848a148d876dd514753040314f4817,241.32388496398926,0.018
7fa05b607ae861b85ec53cea12d3efaed8be0f9a92f5d6e8067244161d491e96,9bc86d6cd1ee254aaa313492f0fd88be8bd7b92d50d4237ff52d7685440c0906,296.93339705467224,32.943
7fa05b607ae861b85ec53cea12d3efaed8be0f9a92f5d6e8067244161d491e96,9bc86d6cd1ee254aaa313492f0fd88be8bd7b92d50d4237ff52d7685440c0906,331.5892689228058,34.623
85479ef37b5dc75dd5aeca3bab499129b97a134dac5d740d2c68941de9d63031,e6df36937abcf1f6d0be4f2e3ffd12d98717dd6f29a9cd233790506517888daf,300.6330409049988,0.625
85479ef37b5dc75dd5aeca3bab499129b97a134dac5d740d2c68941de9d63031,4a4146ed669e9c0bdb2c7db94558df4ec44bf31ec5609d066408de4a4215efbd,300.336149930954,0.328
734272c01926d19690e5ec308bab64ef97950b75b1c7582283e0783fce1751d8,313c03f53a0d31f70aec25f62efb33e7dd779725ca4af579018452d1204beaad,300.1592071056366,0.151
85479ef37b5dc75dd5aeca3bab499129b97a134dac5d740d2c68941de9d63031,cd9f7f333d59aede8088772edac3bff78c45e2dad8eb498b450b9af511452a36,357.5102710723877,57.502
85479ef37b5dc75dd5aeca3bab499129b97a134dac5d740d2c68941de9d63031,49535532e285d1ef68b0a7b8c3bc3973b36ec38a4c594ec9f1412084c27036ff,300.02363991737366,0.015
85479ef37b5dc75dd5aeca3bab499129b97a134dac5d740d2c68941de9d63031,ebfe951bf36afd91115e54adab000c6325a83146c5f14e75ca03a16ed38f3831,300.5579650402069,0.549
85479ef37b5dc75dd5aeca3bab499129b97a134dac5d740d2c68941de9d63031,d880a3e25b4baf00977b29491a01e9cf3bfd963a31b2013859d67b2b43291d74,357.47901606559753,57.47
85479ef37b5dc75dd5aeca3bab499129b97a134dac5d740d2c68941de9d63031,e02465de583b6ceffa5b78cce5f10eb27e714a8a6b3aed483be50f30a924071f,300.2580211162567,0.249
f274d71de386ccc77e4ca74766dbc485461c3053059d47266463c45ec92001b3,3d2aee54a133509f16fb636d74128c2adcfcac71c6dcef78fda1ace004f2ab47,310.20538091659546,10.196
7b2c43a2bc30f6bb438074df88b603d2cb982d3e7961de05270735055950a568,68bbfd828223a505d7917339f4656c5f33ff93225cdb9d0fcbc9889edb49253a,300.0947320461273,0.082
7b2c43a2bc30f6bb438074df88b603d2cb982d3e7961de05270735055950a568,e3cdb48830f66eb8689cc0223514569a69812b77e6611e3d59814fac0747bd2f,300.11677289009094,0.101
7fa05b607ae861b85ec53cea12d3efaed8be0f9a92f5d6e8067244161d491e96,9bc86d6cd1ee254aaa313492f0fd88be8bd7b92d50d4237ff52d7685440c0906,370.0965449810028,38.442
db6be4a997f386b37c6246aaeecf81ab81562db84cf4c0d44907d9df2d0ab9fc,9040b71f8a0325ba418c85bcefa3b19c02c781bed6284af487d3f111f369534a,359.35090589523315,0.076
734272c01926d19690e5ec308bab64ef97950b75b1c7582283e0783fce1751d8,313c03f53a0d31f70aec25f62efb33e7dd779725ca4af579018452d1204beaad,360.17536306381226,0.16
f7bfe5bc8d2a37a5c15986fbfc2c477a746e866adcb9663f9df7535b61c3eb9b,34f4775366e51728635af48df1a96d332cf1565eee069a0030f12966ae760274,360.0778589248657,0.062
17c37a0fdd5d1932b755c0e6447137bc08fd524f455e14fdac414f584de08dc5,c9f8e30e36d1aef62c10b3cfca6e289a93848a148d876dd514753040314f4817,361.322438955307,0.021
7fa05b607ae861b85ec53cea12d3efaed8be0f9a92f5d6e8067244161d491e96,9bc86d6cd1ee254aaa313492f0fd88be8bd7b92d50d4237ff52d7685440c0906,404.0036759376526,33.875
7fa05b607ae861b85ec53cea12d3efaed8be0f9a92f5d6e8067244161d491e96,9bc86d6cd1ee254aaa313492f0fd88be8bd7b92d50d4237ff52d7685440c0906,443.9723129272461,39.906
734272c01926d19690e5ec308bab64ef97950b75b1c7582283e0783fce1751d8,313c03f53a0d31f70aec25f62efb33e7dd779725ca4af579018452d1204beaad,420.2051808834076,0.211
85479ef37b5dc75dd5aeca3bab499129b97a134dac5d740d2c68941de9d63031,49535532e285d1ef68b0a7b8c3bc3973b36ec38a4c594ec9f1412084c27036ff,420.7764730453491,0.012
85479ef37b5dc75dd5aeca3bab499129b97a134dac5d740d2c68941de9d63031,e02465de583b6ceffa5b78cce5f10eb27e714a8a6b3aed483be50f30a924071f,420.9031479358673,0.126
7fa05b607ae861b85ec53cea12d3efaed8be0f9a92f5d6e8067244161d491e96,9bc86d6cd1ee254aaa313492f0fd88be8bd7b92d50d4237ff52d7685440c0906,469.57931089401245,25.558
7fa05b607ae861b85ec53cea12d3efaed8be0f9a92f5d6e8067244161d491e96,9bc86d6cd1ee254aaa313492f0fd88be8bd7b92d50d4237ff52d7685440c0906,510.1009740829468,40.445
734272c01926d19690e5ec308bab64ef97950b75b1c7582283e0783fce1751d8,313c03f53a0d31f70aec25f62efb33e7dd779725ca4af579018452d1204beaad,480.15058398246765,0.144
85479ef37b5dc75dd5aeca3bab499129b97a134dac5d740d2c68941de9d63031,49535532e285d1ef68b0a7b8c3bc3973b36ec38a4c594ec9f1412084c27036ff,480.014643907547,0.0
85479ef37b5dc75dd5aeca3bab499129b97a134dac5d740d2c68941de9d63031,e02465de583b6ceffa5b78cce5f10eb27e714a8a6b3aed483be50f30a924071f,480.1253399848938,0.11
17c37a0fdd5d1932b755c0e6447137bc08fd524f455e14fdac414f584de08dc5,c9f8e30e36d1aef62c10b3cfca6e289a93848a148d876dd514753040314f4817,481.3654339313507,0.014
7fa05b607ae861b85ec53cea12d3efaed8be0f9a92f5d6e8067244161d491e96,9bc86d6cd1ee254aaa313492f0fd88be8bd7b92d50d4237ff52d7685440c0906,542.3918681144714,32.245
db6be4a997f386b37c6246aaeecf81ab81562db84cf4c0d44907d9df2d0ab9fc,9040b71f8a0325ba418c85bcefa3b19c02c781bed6284af487d3f111f369534a,538.290472984314,0.093
734272c01926d19690e5ec308bab64ef97950b75b1c7582283e0783fce1751d8,313c03f53a0d31f70aec25f62efb33e7dd779725ca4af579018452d1204beaad,540.151447057724,0.14
f7bfe5bc8d2a37a5c15986fbfc2c477a746e866adcb9663f9df7535b61c3eb9b,34f4775366e51728635af48df1a96d332cf1565eee069a0030f12966ae760274,540.079745054245,0.062
85479ef37b5dc75dd5aeca3bab499129b97a134dac5d740d2c68941de9d63031,49535532e285d1ef68b0a7b8c3bc3973b36ec38a4c594ec9f1412084c27036ff,540.0270659923553,0.0
85479ef37b5dc75dd5aeca3bab499129b97a134dac5d740d2c68941de9d63031,e02465de583b6ceffa5b78cce5f10eb27e714a8a6b3aed483be50f30a924071f,540.1226089000702,0.095
7fa05b607ae861b85ec53cea12d3efaed8be0f9a92f5d6e8067244161d491e96,9bc86d6cd1ee254aaa313492f0fd88be8bd7b92d50d4237ff52d7685440c0906,571.4264180660248,28.983
7fa05b607ae861b85ec53cea12d3efaed8be0f9a92f5d6e8067244161d491e96,9bc86d6cd1ee254aaa313492f0fd88be8bd7b92d50d4237ff52d7685440c0906,619.9954259395599,48.519
85479ef37b5dc75dd5aeca3bab499129b97a134dac5d740d2c68941de9d63031,49535532e285d1ef68b0a7b8c3bc3973b36ec38a4c594ec9f1412084c27036ff,600.0042119026184,0.0
85479ef37b5dc75dd5aeca3bab499129b97a134dac5d740d2c68941de9d63031,cd9f7f333d59aede8088772edac3bff78c45e2dad8eb498b450b9af511452a36,662.6896879673004,62.685
85479ef37b5dc75dd5aeca3bab499129b97a134dac5d740d2c68941de9d63031,ebfe951bf36afd91115e54adab000c6325a83146c5f14e75ca03a16ed38f3831,600.4917368888855,0.487
85479ef37b5dc75dd5aeca3bab499129b97a134dac5d740d2c68941de9d63031,e6df36937abcf1f6d0be4f2e3ffd12d98717dd6f29a9cd233790506517888daf,600.1147980690002,0.11
85479ef37b5dc75dd5aeca3bab499129b97a134dac5d740d2c68941de9d63031,e02465de583b6ceffa5b78cce5f10eb27e714a8a6b3aed483be50f30a924071f,600.394907951355,0.39
f274d71de386ccc77e4ca74766dbc485461c3053059d47266463c45ec92001b3,3d2aee54a133509f16fb636d74128c2adcfcac71c6dcef78fda1ace004f2ab47,605.9522840976715,5.935
18ed3ca44bd1f7d411f1d047ed8cf38853fb184196afa59e91e68e5d06fda834,04bf55f0a9d790ed3fd18c9960facdc85bca4e37974ccf0bb130d53936aac0c2,600.3823370933533,0.36
7b2c43a2bc30f6bb438074df88b603d2cb982d3e7961de05270735055950a568,68bbfd828223a505d7917339f4656c5f33ff93225cdb9d0fcbc9889edb49253a,600.1292040348053,0.106
7b2c43a2bc30f6bb438074df88b603d2cb982d3e7961de05270735055950a568,e3cdb48830f66eb8689cc0223514569a69812b77e6611e3d59814fac0747bd2f,600.1468760967255,0.111
734272c01926d19690e5ec308bab64ef97950b75b1c7582283e0783fce1751d8,313c03f53a0d31f70aec25f62efb33e7dd779725ca4af579018452d1204beaad,600.2234098911285,0.183
734272c01926d19690e5ec308bab64ef97950b75b1c7582283e0783fce1751d8,cad5438d35e125ee9c4060b7083c78f20b41f9c2c5eadedb909208b3538750fd,600.816978931427,0.774
734272c01926d19690e5ec308bab64ef97950b75b1c7582283e0783fce1751d8,7940faf88dec730f882fc978f336d7a6db0c6069120abd95a953e9bfc988aecd,600.711147069931,0.664
18ed3ca44bd1f7d411f1d047ed8cf38853fb184196afa59e91e68e5d06fda834,97d6075b5c2b8fe67580274dbc57ffa982cd4e8d8bb7185f5ac2aac3b5bedf47,600.3456790447235,0.018
85479ef37b5dc75dd5aeca3bab499129b97a134dac5d740d2c68941de9d63031,d880a3e25b4baf00977b29491a01e9cf3bfd963a31b2013859d67b2b43291d74,662.814691066742,62.322
85479ef37b5dc75dd5aeca3bab499129b97a134dac5d740d2c68941de9d63031,4a4146ed669e9c0bdb2c7db94558df4ec44bf31ec5609d066408de4a4215efbd,600.613697052002,0.121
17c37a0fdd5d1932b755c0e6447137bc08fd524f455e14fdac414f584de08dc5,c9f8e30e36d1aef62c10b3cfca6e289a93848a148d876dd514753040314f4817,601.2453370094299,0.017
7fa05b607ae861b85ec53cea12d3efaed8be0f9a92f5d6e8067244161d491e96,9bc86d6cd1ee254aaa313492f0fd88be8bd7b92d50d4237ff52d7685440c0906,660.0317289829254,39.995
734272c01926d19690e5ec308bab64ef97950b75b1c7582283e0783fce1751d8,556ccf8758c8c2a20082c161e955405e950439f0503522fe129e709a5dc0e58f,939.8997900485992,311.607
734272c01926d19690e5ec308bab64ef97950b75b1c7582283e0783fce1751d8,556ccf8758c8c2a20082c161e955405e950439f0503522fe129e709a5dc0e58f,938.2806520462036,309.847
734272c01926d19690e5ec308bab64ef97950b75b1c7582283e0783fce1751d8,556ccf8758c8c2a20082c161e955405e950439f0503522fe129e709a5dc0e58f,938.646586894989,310.211
734272c01926d19690e5ec308bab64ef97950b75b1c7582283e0783fce1751d8,556ccf8758c8c2a20082c161e955405e950439f0503522fe129e709a5dc0e58f,800.3641309738159,171.928
734272c01926d19690e5ec308bab64ef97950b75b1c7582283e0783fce1751d8,556ccf8758c8c2a20082c161e955405e950439f0503522fe129e709a5dc0e58f,787.4665219783783,159.026
734272c01926d19690e5ec308bab64ef97950b75b1c7582283e0783fce1751d8,556ccf8758c8c2a20082c161e955405e950439f0503522fe129e709a5dc0e58f,935.1598179340363,306.719
734272c01926d19690e5ec308bab64ef97950b75b1c7582283e0783fce1751d8,556ccf8758c8c2a20082c161e955405e950439f0503522fe129e709a5dc0e58f,809.952476978302,181.511
734272c01926d19690e5ec308bab64ef97950b75b1c7582283e0783fce1751d8,556ccf8758c8c2a20082c161e955405e950439f0503522fe129e709a5dc0e58f,822.5282480716705,194.086
734272c01926d19690e5ec308bab64ef97950b75b1c7582283e0783fce1751d8,556ccf8758c8c2a20082c161e955405e950439f0503522fe129e709a5dc0e58f,809.7962589263916,181.354
734272c01926d19690e5ec308bab64ef97950b75b1c7582283e0783fce1751d8,556ccf8758c8c2a20082c161e955405e950439f0503522fe129e709a5dc0e58f,931.8883891105652,303.445
734272c01926d19690e5ec308bab64ef97950b75b1c7582283e0783fce1751d8,556ccf8758c8c2a20082c161e955405e950439f0503522fe129e709a5dc0e58f,931.3063099384308,302.862
734272c01926d19690e5ec308bab64ef97950b75b1c7582283e0783fce1751d8,556ccf8758c8c2a20082c161e955405e950439f0503522fe129e709a5dc0e58f,939.8976230621338,311.453
734272c01926d19690e5ec308bab64ef97950b75b1c7582283e0783fce1751d8,556ccf8758c8c2a20082c161e955405e950439f0503522fe129e709a5dc0e58f,787.4854950904846,159.04
734272c01926d19690e5ec308bab64ef97950b75b1c7582283e0783fce1751d8,556ccf8758c8c2a20082c161e955405e950439f0503522fe129e709a5dc0e58f,822.5062220096588,194.06
734272c01926d19690e5ec308bab64ef97950b75b1c7582283e0783fce1751d8,556ccf8758c8c2a20082c161e955405e950439f0503522fe129e709a5dc0e58f,928.2869589328766,299.835
734272c01926d19690e5ec308bab64ef97950b75b1c7582283e0783fce1751d8,556ccf8758c8c2a20082c161e955405e950439f0503522fe129e709a5dc0e58f,776.6189339160919,148.149
734272c01926d19690e5ec308bab64ef97950b75b1c7582283e0783fce1751d8,313c03f53a0d31f70aec25f62efb33e7dd779725ca4af579018452d1204beaad,660.1366329193115,0.137
7fa05b607ae861b85ec53cea12d3efaed8be0f9a92f5d6e8067244161d491e96,9bc86d6cd1ee254aaa313492f0fd88be8bd7b92d50d4237ff52d7685440c0906,688.7541110515594,28.691
7fa05b607ae861b85ec53cea12d3efaed8be0f9a92f5d6e8067244161d491e96,9bc86d6cd1ee254aaa313492f0fd88be8bd7b92d50d4237ff52d7685440c0906,717.4651429653168,28.666
7fa05b607ae861b85ec53cea12d3efaed8be0f9a92f5d6e8067244161d491e96,9bc86d6cd1ee254aaa313492f0fd88be8bd7b92d50d4237ff52d7685440c0906,761.5128660202026,43.943
db6be4a997f386b37c6246aaeecf81ab81562db84cf4c0d44907d9df2d0ab9fc,9040b71f8a0325ba418c85bcefa3b19c02c781bed6284af487d3f111f369534a,719.6220300197601,0.077
734272c01926d19690e5ec308bab64ef97950b75b1c7582283e0783fce1751d8,313c03f53a0d31f70aec25f62efb33e7dd779725ca4af579018452d1204beaad,720.1803040504456,0.173
f7bfe5bc8d2a37a5c15986fbfc2c477a746e866adcb9663f9df7535b61c3eb9b,34f4775366e51728635af48df1a96d332cf1565eee069a0030f12966ae760274,720.0906109809875,0.078
17c37a0fdd5d1932b755c0e6447137bc08fd524f455e14fdac414f584de08dc5,c9f8e30e36d1aef62c10b3cfca6e289a93848a148d876dd514753040314f4817,721.4087209701538,0.014
85479ef37b5dc75dd5aeca3bab499129b97a134dac5d740d2c68941de9d63031,e02465de583b6ceffa5b78cce5f10eb27e714a8a6b3aed483be50f30a924071f,722.7827100753784,0.14
85479ef37b5dc75dd5aeca3bab499129b97a134dac5d740d2c68941de9d63031,49535532e285d1ef68b0a7b8c3bc3973b36ec38a4c594ec9f1412084c27036ff,722.657711982727,0.0
7fa05b607ae861b85ec53cea12d3efaed8be0f9a92f5d6e8067244161d491e96,9bc86d6cd1ee254aaa313492f0fd88be8bd7b92d50d4237ff52d7685440c0906,794.1995460987091,32.589
734272c01926d19690e5ec308bab64ef97950b75b1c7582283e0783fce1751d8,313c03f53a0d31f70aec25f62efb33e7dd779725ca4af579018452d1204beaad,780.118213891983,0.124
85479ef37b5dc75dd5aeca3bab499129b97a134dac5d740d2c68941de9d63031,49535532e285d1ef68b0a7b8c3bc3973b36ec38a4c594ec9f1412084c27036ff,780.0048170089722,0.0
85479ef37b5dc75dd5aeca3bab499129b97a134dac5d740d2c68941de9d63031,e02465de583b6ceffa5b78cce5f10eb27e714a8a6b3aed483be50f30a924071f,780.0985219478607,0.093
7fa05b607ae861b85ec53cea12d3efaed8be0f9a92f5d6e8067244161d491e96,9bc86d6cd1ee254aaa313492f0fd88be8bd7b92d50d4237ff52d7685440c0906,834.4009160995483,40.132
7fa05b607ae861b85ec53cea12d3efaed8be0f9a92f5d6e8067244161d491e96,9bc86d6cd1ee254aaa313492f0fd88be8bd7b92d50d4237ff52d7685440c0906,867.2837800979614,32.836
85479ef37b5dc75dd5aeca3bab499129b97a134dac5d740d2c68941de9d63031,49535532e285d1ef68b0a7b8c3bc3973b36ec38a4c594ec9f1412084c27036ff,840.0069909095764,0.0
85479ef37b5dc75dd5aeca3bab499129b97a134dac5d740d2c68941de9d63031,e02465de583b6ceffa5b78cce5f10eb27e714a8a6b3aed483be50f30a924071f,840.1476399898529,0.14
734272c01926d19690e5ec308bab64ef97950b75b1c7582283e0783fce1751d8,313c03f53a0d31f70aec25f62efb33e7dd779725ca4af579018452d1204beaad,840.218966960907,0.207
17c37a0fdd5d1932b755c0e6447137bc08fd524f455e14fdac414f584de08dc5,c9f8e30e36d1aef62c10b3cfca6e289a93848a148d876dd514753040314f4817,841.270849943161,0.019
7fa05b607ae861b85ec53cea12d3efaed8be0f9a92f5d6e8067244161d491e96,9bc86d6cd1ee254aaa313492f0fd88be8bd7b92d50d4237ff52d7685440c0906,906.2319259643555,38.899
db6be4a997f386b37c6246aaeecf81ab81562db84cf4c0d44907d9df2d0ab9fc,9040b71f8a0325ba418c85bcefa3b19c02c781bed6284af487d3f111f369534a,899.6368598937988,0.077
7b2c43a2bc30f6bb438074df88b603d2cb982d3e7961de05270735055950a568,e3cdb48830f66eb8689cc0223514569a69812b77e6611e3d59814fac0747bd2f,900.1015899181366,0.1
734272c01926d19690e5ec308bab64ef97950b75b1c7582283e0783fce1751d8,313c03f53a0d31f70aec25f62efb33e7dd779725ca4af579018452d1204beaad,900.1340510845184,0.132
85479ef37b5dc75dd5aeca3bab499129b97a134dac5d740d2c68941de9d63031,cd9f7f333d59aede8088772edac3bff78c45e2dad8eb498b450b9af511452a36,966.2630829811096,66.254
85479ef37b5dc75dd5aeca3bab499129b97a134dac5d740d2c68941de9d63031,e02465de583b6ceffa5b78cce5f10eb27e714a8a6b3aed483be50f30a924071f,902.11110496521,2.102
85479ef37b5dc75dd5aeca3bab499129b97a134dac5d740d2c68941de9d63031,4a4146ed669e9c0bdb2c7db94558df4ec44bf31ec5609d066408de4a4215efbd,902.4392430782318,2.43
85479ef37b5dc75dd5aeca3bab499129b97a134dac5d740d2c68941de9d63031,d880a3e25b4baf00977b29491a01e9cf3bfd963a31b2013859d67b2b43291d74,966.4193639755249,66.41
85479ef37b5dc75dd5aeca3bab499129b97a134dac5d740d2c68941de9d63031,ebfe951bf36afd91115e54adab000c6325a83146c5f14e75ca03a16ed38f3831,902.3485040664673,2.339
85479ef37b5dc75dd5aeca3bab499129b97a134dac5d740d2c68941de9d63031,49535532e285d1ef68b0a7b8c3bc3973b36ec38a4c594ec9f1412084c27036ff,902.1268689632416,2.117
f274d71de386ccc77e4ca74766dbc485461c3053059d47266463c45ec92001b3,3d2aee54a133509f16fb636d74128c2adcfcac71c6dcef78fda1ace004f2ab47,910.193922996521,10.181
f7bfe5bc8d2a37a5c15986fbfc2c477a746e866adcb9663f9df7535b61c3eb9b,34f4775366e51728635af48df1a96d332cf1565eee069a0030f12966ae760274,900.0993640422821,0.078
dd81ee53ae84624a29382a50941b34a66e83f308edb4a30668ae4e7a1d40a418,cd5a0be4e2cd7316d96047a7d4414e1c1706348b0b4aaee4f6cef25bcd6097ae,909.0593709945679,9.029
7b2c43a2bc30f6bb438074df88b603d2cb982d3e7961de05270735055950a568,68bbfd828223a505d7917339f4656c5f33ff93225cdb9d0fcbc9889edb49253a,900.0854890346527,0.053
85479ef37b5dc75dd5aeca3bab499129b97a134dac5d740d2c68941de9d63031,e6df36937abcf1f6d0be4f2e3ffd12d98717dd6f29a9cd233790506517888daf,902.7080609798431,1.697
7fa05b607ae861b85ec53cea12d3efaed8be0f9a92f5d6e8067244161d491e96,9bc86d6cd1ee254aaa313492f0fd88be8bd7b92d50d4237ff52d7685440c0906,948.2454431056976,41.959
7fa05b607ae861b85ec53cea12d3efaed8be0f9a92f5d6e8067244161d491e96,9bc86d6cd1ee254aaa313492f0fd88be8bd7b92d50d4237ff52d7685440c0906,984.1059699058533,35.783
734272c01926d19690e5ec308bab64ef97950b75b1c7582283e0783fce1751d8,313c03f53a0d31f70aec25f62efb33e7dd779725ca4af579018452d1204beaad,960.1278369426727,0.127
17c37a0fdd5d1932b755c0e6447137bc08fd524f455e14fdac414f584de08dc5,c9f8e30e36d1aef62c10b3cfca6e289a93848a148d876dd514753040314f4817,961.3164548873901,0.019
7fa05b607ae861b85ec53cea12d3efaed8be0f9a92f5d6e8067244161d491e96,9bc86d6cd1ee254aaa313492f0fd88be8bd7b92d50d4237ff52d7685440c0906,1026.7499449253082,42.576
734272c01926d19690e5ec308bab64ef97950b75b1c7582283e0783fce1751d8,313c03f53a0d31f70aec25f62efb33e7dd779725ca4af579018452d1204beaad,1020.1950879096985,0.192
7fa05b607ae861b85ec53cea12d3efaed8be0f9a92f5d6e8067244161d491e96,9bc86d6cd1ee254aaa313492f0fd88be8bd7b92d50d4237ff52d7685440c0906,1054.3244750499725,27.546
85479ef37b5dc75dd5aeca3bab499129b97a134dac5d740d2c68941de9d63031,e02465de583b6ceffa5b78cce5f10eb27e714a8a6b3aed483be50f30a924071f,1035.9871339797974,0.69
85479ef37b5dc75dd5aeca3bab499129b97a134dac5d740d2c68941de9d63031,49535532e285d1ef68b0a7b8c3bc3973b36ec38a4c594ec9f1412084c27036ff,1036.1093950271606,0.715
7fa05b607ae861b85ec53cea12d3efaed8be0f9a92f5d6e8067244161d491e96,9bc86d6cd1ee254aaa313492f0fd88be8bd7b92d50d4237ff52d7685440c0906,1093.7675380706787,39.395
db6be4a997f386b37c6246aaeecf81ab81562db84cf4c0d44907d9df2d0ab9fc,9040b71f8a0325ba418c85bcefa3b19c02c781bed6284af487d3f111f369534a,1079.6517989635468,0.093
734272c01926d19690e5ec308bab64ef97950b75b1c7582283e0783fce1751d8,313c03f53a0d31f70aec25f62efb33e7dd779725ca4af579018452d1204beaad,1080.1260569095612,0.132
85479ef37b5dc75dd5aeca3bab499129b97a134dac5d740d2c68941de9d63031,e02465de583b6ceffa5b78cce5f10eb27e714a8a6b3aed483be50f30a924071f,1080.1247880458832,0.109
f7bfe5bc8d2a37a5c15986fbfc2c477a746e866adcb9663f9df7535b61c3eb9b,34f4775366e51728635af48df1a96d332cf1565eee069a0030f12966ae760274,1080.108792066574,0.093
85479ef37b5dc75dd5aeca3bab499129b97a134dac5d740d2c68941de9d63031,49535532e285d1ef68b0a7b8c3bc3973b36ec38a4c594ec9f1412084c27036ff,1080.031035900116,0.015
17c37a0fdd5d1932b755c0e6447137bc08fd524f455e14fdac414f584de08dc5,c9f8e30e36d1aef62c10b3cfca6e289a93848a148d876dd514753040314f4817,1081.295763015747,0.06
7fa05b607ae861b85ec53cea12d3efaed8be0f9a92f5d6e8067244161d491e96,9bc86d6cd1ee254aaa313492f0fd88be8bd7b92d50d4237ff52d7685440c0906,1138.4468479156494,44.586
7fa05b607ae861b85ec53cea12d3efaed8be0f9a92f5d6e8067244161d491e96,9bc86d6cd1ee254aaa313492f0fd88be8bd7b92d50d4237ff52d7685440c0906,1173.218985080719,34.725
734272c01926d19690e5ec308bab64ef97950b75b1c7582283e0783fce1751d8,313c03f53a0d31f70aec25f62efb33e7dd779725ca4af579018452d1204beaad,1140.1939949989319,0.193
85479ef37b5dc75dd5aeca3bab499129b97a134dac5d740d2c68941de9d63031,49535532e285d1ef68b0a7b8c3bc3973b36ec38a4c594ec9f1412084c27036ff,1140.0218620300293,0.0
85479ef37b5dc75dd5aeca3bab499129b97a134dac5d740d2c68941de9d63031,e02465de583b6ceffa5b78cce5f10eb27e714a8a6b3aed483be50f30a924071f,1140.1155989170074,0.093
7fa05b607ae861b85ec53cea12d3efaed8be0f9a92f5d6e8067244161d491e96,9bc86d6cd1ee254aaa313492f0fd88be8bd7b92d50d4237ff52d7685440c0906,1219.129205942154,45.851
7b2c43a2bc30f6bb438074df88b603d2cb982d3e7961de05270735055950a568,e3cdb48830f66eb8689cc0223514569a69812b77e6611e3d59814fac0747bd2f,1200.0961239337921,0.1
734272c01926d19690e5ec308bab64ef97950b75b1c7582283e0783fce1751d8,313c03f53a0d31f70aec25f62efb33e7dd779725ca4af579018452d1204beaad,1200.1468060016632,0.139
7b2c43a2bc30f6bb438074df88b603d2cb982d3e7961de05270735055950a568,68bbfd828223a505d7917339f4656c5f33ff93225cdb9d0fcbc9889edb49253a,1200.07994389534,0.068
f274d71de386ccc77e4ca74766dbc485461c3053059d47266463c45ec92001b3,3d2aee54a133509f16fb636d74128c2adcfcac71c6dcef78fda1ace004f2ab47,1205.994087934494,5.98
85479ef37b5dc75dd5aeca3bab499129b97a134dac5d740d2c68941de9d63031,cd9f7f333d59aede8088772edac3bff78c45e2dad8eb498b450b9af511452a36,1260.0557980537415,60.041