Width,Width - Percentile,Depth,Depth - Percentile,Total Nodes,Total Nodes
1,0.00%,1,0.00%,2,0.00%
1,78.66%,1,12.51%,2,55.98%
2,92.13%,2,67.96%,3,79.20%
3,95.24%,3,86.84%,4,86.63%
4,96.17%,4,92.41%,5,91.61%
5,96.78%,5,96.00%,6,93.64%
6,97.12%,6,97.24%,7,95.90%
7,97.35%,7,99.07%,8,96.63%
8,97.57%,8,99.47%,9,96.98%
9,97.78%,9,99.59%,10,97.32%
10,98.32%,10,99.76%,11,97.89%
11,98.40%,11,99.88%,12,98.05%
12,98.44%,12,99.91%,13,98.13%
13,98.47%,13,99.93%,14,98.25%
14,98.51%,14,99.95%,15,98.32%
15,98.56%,15,99.96%,16,98.41%
16,98.85%,16,99.96%,17,98.73%
17,99.34%,17,99.96%,18,99.23%
18,99.39%,18,99.96%,19,99.29%
19,99.42%,19,99.98%,20,99.34%
20,99.44%,20,99.99%,21,99.36%
21,99.45%,21,99.99%,22,99.38%
22,99.47%,22,99.99%,23,99.40%
23,99.48%,23,99.99%,24,99.42%
24,99.49%,24,100.00%,25,99.45%
25,99.52%,25,100.00%,26,99.46%
26,99.53%,26,100.00%,27,99.47%
27,99.53%,27,100.00%,28,99.48%
28,99.54%,28,100.00%,29,99.49%
29,99.55%,29,100.00%,30,99.51%
30,99.56%,30,100.00%,31,99.51%
31,99.57%,31,100.00%,32,99.55%
32,99.60%,32,100.00%,33,99.56%
33,99.61%,33,100.00%,34,99.56%
34,99.62%,34,100.00%,35,99.57%
35,99.62%,35,100.00%,36,99.59%
36,99.62%,36,100.00%,37,99.59%
37,99.63%,37,100.00%,38,99.60%
38,99.63%,38,100.00%,39,99.61%
39,99.64%,39,100.00%,40,99.61%
40,99.64%,40,100.00%,41,99.62%
41,99.65%,41,100.00%,42,99.62%
42,99.65%,42,100.00%,43,99.63%
43,99.66%,44,100.00%,44,99.64%
44,99.66%,49,100.00%,45,99.65%
45,99.67%,58,100.00%,46,99.65%
46,99.67%,62,100.00%,47,99.66%
47,99.68%,63,100.00%,48,99.66%
48,99.68%,70,100.00%,49,99.66%
49,99.71%,80,100.00%,50,99.70%
50,99.75%,98,100.00%,51,99.74%
51,99.80%,116,100.00%,52,99.79%
52,99.81%,117,100.00%,53,99.80%
53,99.82%,135,100.00%,54,99.80%
54,99.82%,,,55,99.81%
55,99.82%,,,56,99.81%
56,99.83%,,,57,99.81%
57,99.83%,,,58,99.82%
58,99.83%,,,59,99.82%
59,99.84%,,,60,99.84%
60,99.85%,,,61,99.84%
61,99.86%,,,62,99.84%
62,99.86%,,,63,99.84%
63,99.86%,,,64,99.85%
64,99.86%,,,65,99.85%
65,99.86%,,,66,99.85%
66,99.86%,,,67,99.85%
67,99.87%,,,68,99.85%
68,99.87%,,,69,99.85%
69,99.87%,,,70,99.86%
70,99.87%,,,71,99.86%
71,99.87%,,,72,99.86%
72,99.88%,,,73,99.87%
73,99.88%,,,74,99.87%
74,99.88%,,,75,99.87%
75,99.88%,,,76,99.87%
76,99.88%,,,77,99.87%
77,99.88%,,,78,99.88%
78,99.89%,,,79,99.88%
79,99.89%,,,80,99.88%
80,99.89%,,,81,99.88%
81,99.89%,,,82,99.88%
82,99.90%,,,83,99.89%
83,99.90%,,,84,99.89%
84,99.90%,,,85,99.89%
85,99.90%,,,86,99.89%
86,99.90%,,,87,99.89%
87,99.90%,,,88,99.90%
88,99.91%,,,89,99.90%
89,99.91%,,,90,99.90%
90,99.91%,,,91,99.90%
91,99.91%,,,92,99.90%
92,99.91%,,,93,99.90%
93,99.91%,,,94,99.90%
94,99.91%,,,95,99.90%
95,99.91%,,,96,99.90%
96,99.91%,,,97,99.91%
97,99.91%,,,98,99.91%
98,99.92%,,,99,99.91%
99,99.92%,,,100,99.92%
100,99.95%,,,101,99.94%
101,99.95%,,,102,99.94%
102,99.95%,,,103,99.94%
103,99.95%,,,104,99.94%
104,99.95%,,,105,99.94%
105,99.95%,,,106,99.94%
106,99.95%,,,107,99.94%
107,99.95%,,,108,99.95%
108,99.95%,,,109,99.95%
109,99.95%,,,110,99.95%
110,99.95%,,,111,99.95%
111,99.95%,,,112,99.95%
112,99.96%,,,113,99.95%
113,99.96%,,,114,99.95%
114,99.96%,,,115,99.95%
115,99.96%,,,116,99.95%
116,99.96%,,,117,99.95%
117,99.96%,,,118,99.95%
118,99.96%,,,119,99.95%
119,99.96%,,,120,99.95%
120,99.96%,,,121,99.95%
121,99.96%,,,122,99.95%
122,99.96%,,,123,99.95%
123,99.96%,,,124,99.96%
124,99.96%,,,125,99.96%
125,99.96%,,,126,99.96%
126,99.96%,,,127,99.96%
127,99.96%,,,128,99.96%
128,99.96%,,,129,99.96%
129,99.96%,,,130,99.96%
130,99.96%,,,131,99.96%
131,99.96%,,,132,99.96%
132,99.96%,,,133,99.96%
133,99.96%,,,134,99.96%
134,99.96%,,,135,99.96%
135,99.96%,,,136,99.96%
136,99.96%,,,137,99.96%
137,99.96%,,,138,99.96%
138,99.96%,,,139,99.96%
139,99.96%,,,140,99.96%
140,99.96%,,,141,99.96%
141,99.96%,,,142,99.96%
142,99.96%,,,143,99.96%
143,99.96%,,,144,99.96%
144,99.96%,,,145,99.96%
145,99.97%,,,146,99.96%
146,99.97%,,,147,99.96%
147,99.97%,,,148,99.96%
148,99.97%,,,149,99.96%
149,99.97%,,,150,99.96%
150,99.97%,,,151,99.96%
151,99.97%,,,152,99.96%
152,99.97%,,,153,99.96%
153,99.97%,,,154,99.96%
154,99.97%,,,155,99.96%
155,99.97%,,,156,99.96%
156,99.97%,,,157,99.96%
157,99.97%,,,158,99.96%
158,99.97%,,,159,99.96%
159,99.97%,,,160,99.96%
160,99.97%,,,161,99.96%
161,99.97%,,,162,99.96%
162,99.97%,,,163,99.96%
163,99.97%,,,164,99.96%
164,99.97%,,,165,99.96%
165,99.97%,,,166,99.96%
166,99.97%,,,167,99.96%
167,99.97%,,,168,99.97%
168,99.97%,,,169,99.97%
169,99.97%,,,170,99.97%
170,99.97%,,,171,99.97%
171,99.97%,,,172,99.97%
172,99.97%,,,173,99.97%
173,99.97%,,,174,99.97%
174,99.97%,,,175,99.97%
175,99.97%,,,176,99.97%
176,99.97%,,,177,99.97%
177,99.97%,,,178,99.97%
178,99.97%,,,179,99.97%
179,99.97%,,,180,99.97%
180,99.97%,,,181,99.97%
181,99.97%,,,182,99.97%
182,99.97%,,,183,99.97%
183,99.97%,,,184,99.97%
184,99.97%,,,185,99.97%
185,99.97%,,,186,99.97%
186,99.97%,,,187,99.97%
187,99.97%,,,188,99.97%
188,99.97%,,,189,99.97%
189,99.97%,,,190,99.97%
190,99.97%,,,191,99.97%
191,99.97%,,,192,99.97%
192,99.97%,,,193,99.97%
193,99.97%,,,194,99.97%
194,99.97%,,,195,99.97%
195,99.97%,,,196,99.97%
196,99.97%,,,197,99.97%
197,99.97%,,,198,99.97%
198,99.97%,,,199,99.97%
199,99.97%,,,200,99.97%
200,99.97%,,,201,99.97%
201,99.97%,,,202,99.97%
202,99.97%,,,203,99.97%
203,99.97%,,,204,99.97%
204,99.98%,,,205,99.97%
205,99.98%,,,206,99.97%
206,99.98%,,,207,99.97%
207,99.98%,,,208,99.97%
208,99.98%,,,209,99.97%
209,99.98%,,,210,99.97%
210,99.98%,,,211,99.97%
211,99.98%,,,212,99.97%
212,99.98%,,,213,99.97%
213,99.98%,,,214,99.97%
214,99.98%,,,215,99.97%
215,99.98%,,,216,99.97%
216,99.98%,,,217,99.97%
217,99.98%,,,218,99.97%
218,99.98%,,,219,99.97%
219,99.98%,,,220,99.97%
220,99.98%,,,221,99.97%
221,99.98%,,,222,99.97%
222,99.98%,,,223,99.97%
223,99.98%,,,224,99.97%
224,99.98%,,,225,99.97%
225,99.98%,,,226,99.97%
226,99.98%,,,227,99.97%
227,99.98%,,,228,99.98%
228,99.98%,,,229,99.98%
229,99.98%,,,230,99.98%
230,99.98%,,,231,99.98%
231,99.98%,,,232,99.98%
232,99.98%,,,233,99.98%
233,99.98%,,,234,99.98%
234,99.98%,,,235,99.98%
235,99.98%,,,236,99.98%
236,99.98%,,,237,99.98%
237,99.98%,,,238,99.98%
238,99.98%,,,239,99.98%
239,99.98%,,,240,99.98%
240,99.98%,,,241,99.98%
241,99.98%,,,242,99.98%
242,99.98%,,,243,99.98%
243,99.98%,,,244,99.98%
244,99.98%,,,245,99.98%
245,99.98%,,,246,99.98%
246,99.98%,,,247,99.98%
247,99.98%,,,248,99.98%
248,99.98%,,,249,99.98%
249,99.98%,,,250,99.98%
250,99.98%,,,251,99.98%
251,99.98%,,,252,99.98%
252,99.98%,,,253,99.98%
253,99.98%,,,254,99.98%
254,99.98%,,,255,99.98%
255,99.98%,,,256,99.98%
256,99.98%,,,257,99.98%
257,99.98%,,,258,99.98%
258,99.98%,,,259,99.98%
259,99.98%,,,260,99.98%
260,99.98%,,,261,99.98%
261,99.98%,,,262,99.98%
262,99.98%,,,263,99.98%
263,99.98%,,,264,99.98%
264,99.98%,,,265,99.98%
265,99.98%,,,266,99.98%
266,99.98%,,,267,99.98%
267,99.98%,,,268,99.98%
268,99.98%,,,269,99.98%
269,99.98%,,,270,99.98%
270,99.98%,,,271,99.98%
271,99.98%,,,272,99.98%
272,99.98%,,,273,99.98%
273,99.98%,,,274,99.98%
274,99.98%,,,275,99.98%
275,99.98%,,,276,99.98%
276,99.98%,,,277,99.98%
277,99.98%,,,278,99.98%
278,99.98%,,,279,99.98%
279,99.98%,,,280,99.98%
280,99.98%,,,281,99.98%
281,99.98%,,,282,99.98%
282,99.98%,,,283,99.98%
283,99.98%,,,284,99.98%
284,99.98%,,,285,99.98%
285,99.98%,,,286,99.98%
286,99.98%,,,287,99.98%
287,99.98%,,,288,99.98%
288,99.98%,,,289,99.98%
289,99.98%,,,290,99.98%
290,99.98%,,,291,99.98%
291,99.98%,,,292,99.98%
292,99.98%,,,293,99.98%
293,99.98%,,,294,99.98%
294,99.98%,,,295,99.98%
295,99.98%,,,296,99.98%
296,99.98%,,,297,99.98%
297,99.98%,,,298,99.98%
298,99.98%,,,299,99.98%
299,99.98%,,,300,99.98%
300,99.98%,,,301,99.98%
301,99.98%,,,302,99.98%
302,99.98%,,,303,99.98%
303,99.98%,,,304,99.98%
304,99.98%,,,305,99.98%
305,99.98%,,,306,99.98%
306,99.98%,,,307,99.98%
307,99.98%,,,308,99.98%
308,99.98%,,,309,99.98%
309,99.98%,,,310,99.98%
310,99.98%,,,311,99.98%
311,99.98%,,,312,99.98%
312,99.98%,,,313,99.98%
313,99.99%,,,314,99.98%
314,99.99%,,,315,99.98%
315,99.99%,,,316,99.98%
316,99.99%,,,317,99.98%
317,99.99%,,,318,99.98%
318,99.99%,,,319,99.98%
319,99.99%,,,320,99.98%
320,99.99%,,,321,99.98%
321,99.99%,,,322,99.98%
322,99.99%,,,323,99.98%
323,99.99%,,,324,99.98%
324,99.99%,,,325,99.98%
325,99.99%,,,326,99.98%
326,99.99%,,,327,99.98%
327,99.99%,,,328,99.98%
328,99.99%,,,329,99.98%
329,99.99%,,,330,99.98%
330,99.99%,,,331,99.98%
331,99.99%,,,332,99.98%
332,99.99%,,,333,99.98%
333,99.99%,,,334,99.98%
334,99.99%,,,335,99.98%
335,99.99%,,,336,99.98%
336,99.99%,,,337,99.98%
337,99.99%,,,338,99.98%
338,99.99%,,,339,99.98%
339,99.99%,,,340,99.98%
340,99.99%,,,341,99.98%
341,99.99%,,,342,99.98%
342,99.99%,,,343,99.98%
343,99.99%,,,344,99.98%
344,99.99%,,,345,99.98%
345,99.99%,,,346,99.98%
346,99.99%,,,347,99.98%
347,99.99%,,,348,99.98%
348,99.99%,,,349,99.98%
349,99.99%,,,350,99.98%
350,99.99%,,,351,99.98%
351,99.99%,,,352,99.98%
352,99.99%,,,353,99.98%
353,99.99%,,,354,99.98%
354,99.99%,,,355,99.98%
355,99.99%,,,356,99.98%
356,99.99%,,,357,99.98%
357,99.99%,,,358,99.98%
358,99.99%,,,359,99.98%
359,99.99%,,,360,99.98%
360,99.99%,,,361,99.98%
361,99.99%,,,362,99.99%
362,99.99%,,,363,99.99%
363,99.99%,,,364,99.99%
364,99.99%,,,365,99.99%
365,99.99%,,,366,99.99%
366,99.99%,,,367,99.99%
367,99.99%,,,368,99.99%
368,99.99%,,,369,99.99%
369,99.99%,,,370,99.99%
370,99.99%,,,371,99.99%
371,99.99%,,,372,99.99%
372,99.99%,,,373,99.99%
373,99.99%,,,374,99.99%
374,99.99%,,,375,99.99%
375,99.99%,,,376,99.99%
376,99.99%,,,377,99.99%
377,99.99%,,,378,99.99%
378,99.99%,,,379,99.99%
379,99.99%,,,380,99.99%
380,99.99%,,,381,99.99%
381,99.99%,,,382,99.99%
382,99.99%,,,383,99.99%
383,99.99%,,,384,99.99%
384,99.99%,,,385,99.99%
385,99.99%,,,386,99.99%
386,99.99%,,,387,99.99%
387,99.99%,,,388,99.99%
388,99.99%,,,389,99.99%
389,99.99%,,,390,99.99%
390,99.99%,,,391,99.99%
391,99.99%,,,392,99.99%
392,99.99%,,,393,99.99%
393,99.99%,,,394,99.99%
394,99.99%,,,395,99.99%
395,99.99%,,,396,99.99%
396,99.99%,,,397,99.99%
397,99.99%,,,398,99.99%
398,99.99%,,,399,99.99%
399,99.99%,,,400,99.99%
400,99.99%,,,401,99.99%
401,99.99%,,,402,99.99%
402,99.99%,,,403,99.99%
403,99.99%,,,404,99.99%
404,99.99%,,,405,99.99%
405,99.99%,,,406,99.99%
406,99.99%,,,407,99.99%
407,99.99%,,,408,99.99%
408,99.99%,,,409,99.99%
409,99.99%,,,410,99.99%
410,99.99%,,,411,99.99%
411,99.99%,,,412,99.99%
412,99.99%,,,413,99.99%
413,99.99%,,,414,99.99%
414,99.99%,,,415,99.99%
415,99.99%,,,416,99.99%
416,99.99%,,,417,99.99%
417,99.99%,,,418,99.99%
418,99.99%,,,419,99.99%
419,99.99%,,,420,99.99%
420,99.99%,,,421,99.99%
421,99.99%,,,422,99.99%
422,99.99%,,,423,99.99%
423,99.99%,,,424,99.99%
424,99.99%,,,425,99.99%
425,99.99%,,,426,99.99%
426,99.99%,,,427,99.99%
427,99.99%,,,428,99.99%
428,99.99%,,,429,99.99%
429,99.99%,,,430,99.99%
430,99.99%,,,431,99.99%
431,99.99%,,,432,99.99%
432,99.99%,,,433,99.99%
433,99.99%,,,434,99.99%
434,99.99%,,,435,99.99%
435,99.99%,,,436,99.99%
436,99.99%,,,437,99.99%
437,99.99%,,,438,99.99%
438,99.99%,,,439,99.99%
439,99.99%,,,440,99.99%
440,99.99%,,,441,99.99%
441,99.99%,,,442,99.99%
442,99.99%,,,443,99.99%
443,99.99%,,,444,99.99%
444,99.99%,,,445,99.99%
445,99.99%,,,446,99.99%
446,99.99%,,,447,99.99%
447,99.99%,,,448,99.99%
448,99.99%,,,449,99.99%
449,99.99%,,,450,99.99%
450,99.99%,,,451,99.99%
451,99.99%,,,452,99.99%
452,99.99%,,,453,99.99%
453,99.99%,,,454,99.99%
454,99.99%,,,455,99.99%
455,99.99%,,,456,99.99%
456,99.99%,,,457,99.99%
457,99.99%,,,458,99.99%
458,99.99%,,,459,99.99%
459,99.99%,,,460,99.99%
460,99.99%,,,461,99.99%
461,99.99%,,,462,99.99%
462,99.99%,,,463,99.99%
463,99.99%,,,464,99.99%
464,99.99%,,,465,99.99%
465,99.99%,,,466,99.99%
466,99.99%,,,467,99.99%
467,99.99%,,,468,99.99%
468,99.99%,,,469,99.99%
469,99.99%,,,470,99.99%
470,99.99%,,,471,99.99%
471,99.99%,,,472,99.99%
472,99.99%,,,473,99.99%
473,99.99%,,,474,99.99%
474,99.99%,,,475,99.99%
475,99.99%,,,476,99.99%
476,99.99%,,,477,99.99%
477,99.99%,,,478,99.99%
478,99.99%,,,479,99.99%
479,99.99%,,,480,99.99%
480,99.99%,,,481,99.99%
481,99.99%,,,482,99.99%
482,99.99%,,,483,99.99%
483,99.99%,,,484,99.99%
484,99.99%,,,485,99.99%
485,99.99%,,,486,99.99%
486,99.99%,,,487,99.99%
487,99.99%,,,488,99.99%
488,99.99%,,,489,99.99%
489,99.99%,,,490,99.99%
490,99.99%,,,491,99.99%
491,99.99%,,,492,99.99%
492,99.99%,,,493,99.99%
493,99.99%,,,494,99.99%
494,99.99%,,,495,99.99%
495,99.99%,,,496,99.99%
496,99.99%,,,497,99.99%
497,99.99%,,,498,99.99%
498,99.99%,,,499,99.99%
499,99.99%,,,500,99.99%
500,99.99%,,,501,99.99%
501,99.99%,,,502,99.99%
502,99.99%,,,503,99.99%
503,99.99%,,,504,99.99%
504,99.99%,,,505,99.99%
505,99.99%,,,506,99.99%
506,99.99%,,,507,99.99%
507,99.99%,,,508,99.99%
508,99.99%,,,509,99.99%
509,99.99%,,,510,99.99%
510,99.99%,,,511,99.99%
511,99.99%,,,512,99.99%
512,99.99%,,,513,99.99%
513,99.99%,,,514,99.99%
514,99.99%,,,515,99.99%
515,99.99%,,,516,99.99%
516,99.99%,,,517,99.99%
517,99.99%,,,518,99.99%
518,99.99%,,,519,99.99%
519,99.99%,,,520,99.99%
520,99.99%,,,521,99.99%
521,99.99%,,,522,99.99%
522,99.99%,,,523,99.99%
523,99.99%,,,524,99.99%
524,99.99%,,,525,99.99%
525,99.99%,,,526,99.99%
526,99.99%,,,527,99.99%
527,99.99%,,,528,99.99%
528,99.99%,,,529,99.99%
529,99.99%,,,530,99.99%
530,99.99%,,,531,99.99%
531,99.99%,,,532,99.99%
532,99.99%,,,533,99.99%
533,99.99%,,,534,99.99%
534,99.99%,,,535,99.99%
535,99.99%,,,536,99.99%
536,99.99%,,,537,99.99%
537,99.99%,,,538,99.99%
538,99.99%,,,539,99.99%
539,99.99%,,,540,99.99%
540,99.99%,,,541,99.99%
541,99.99%,,,542,99.99%
542,99.99%,,,543,99.99%
543,99.99%,,,544,99.99%
544,99.99%,,,545,99.99%
545,99.99%,,,546,99.99%
546,99.99%,,,547,99.99%
547,99.99%,,,548,99.99%
548,99.99%,,,549,99.99%
549,99.99%,,,550,99.99%
550,99.99%,,,551,99.99%
551,99.99%,,,552,99.99%
552,99.99%,,,553,99.99%
553,99.99%,,,554,99.99%
554,99.99%,,,555,99.99%
555,99.99%,,,556,99.99%
556,99.99%,,,557,99.99%
557,99.99%,,,558,99.99%
558,99.99%,,,559,99.99%
559,99.99%,,,560,99.99%
560,99.99%,,,561,99.99%
561,99.99%,,,562,99.99%
562,99.99%,,,563,99.99%
563,99.99%,,,564,99.99%
564,99.99%,,,565,99.99%
565,99.99%,,,566,99.99%
566,99.99%,,,567,99.99%
567,99.99%,,,568,99.99%
568,99.99%,,,569,99.99%
569,99.99%,,,570,99.99%
570,99.99%,,,571,99.99%
571,99.99%,,,572,99.99%
572,99.99%,,,573,99.99%
573,99.99%,,,574,99.99%
574,99.99%,,,575,99.99%
575,99.99%,,,576,99.99%
576,99.99%,,,577,99.99%
577,99.99%,,,578,99.99%
578,99.99%,,,579,99.99%
579,99.99%,,,580,99.99%
580,99.99%,,,581,99.99%
581,99.99%,,,582,99.99%
582,99.99%,,,583,99.99%
583,99.99%,,,584,99.99%
584,99.99%,,,585,99.99%
585,99.99%,,,586,99.99%
586,99.99%,,,587,99.99%
587,99.99%,,,588,99.99%
588,99.99%,,,589,99.99%
589,99.99%,,,590,99.99%
590,99.99%,,,591,99.99%
591,99.99%,,,592,99.99%
592,99.99%,,,593,99.99%
593,99.99%,,,594,99.99%
594,99.99%,,,595,99.99%
595,99.99%,,,596,99.99%
596,99.99%,,,597,99.99%
597,99.99%,,,598,99.99%
598,99.99%,,,599,99.99%
599,99.99%,,,600,99.99%
600,99.99%,,,601,99.99%
601,99.99%,,,602,99.99%
602,99.99%,,,603,99.99%
603,99.99%,,,604,99.99%
604,99.99%,,,605,99.99%
605,99.99%,,,606,99.99%
606,99.99%,,,607,99.99%
607,99.99%,,,608,99.99%
608,99.99%,,,609,99.99%
609,99.99%,,,610,99.99%
610,99.99%,,,611,99.99%
611,99.99%,,,612,99.99%
612,99.99%,,,613,99.99%
613,99.99%,,,614,99.99%
614,99.99%,,,615,99.99%
615,99.99%,,,616,99.99%
616,99.99%,,,617,99.99%
617,99.99%,,,618,99.99%
618,99.99%,,,619,99.99%
619,99.99%,,,620,99.99%
620,99.99%,,,621,99.99%
621,99.99%,,,622,99.99%
622,99.99%,,,623,99.99%
623,99.99%,,,624,99.99%
624,99.99%,,,625,99.99%
625,99.99%,,,626,99.99%
626,99.99%,,,627,99.99%
627,99.99%,,,628,99.99%
628,99.99%,,,629,99.99%
629,99.99%,,,630,99.99%
630,99.99%,,,631,99.99%
631,99.99%,,,632,99.99%
632,99.99%,,,633,99.99%
633,99.99%,,,634,99.99%
634,99.99%,,,635,99.99%
635,99.99%,,,636,99.99%
636,99.99%,,,637,99.99%
637,99.99%,,,638,99.99%
638,99.99%,,,639,99.99%
639,99.99%,,,640,99.99%
640,99.99%,,,641,99.99%
641,99.99%,,,642,99.99%
642,99.99%,,,643,99.99%
643,99.99%,,,644,99.99%
644,99.99%,,,645,99.99%
645,99.99%,,,646,99.99%
646,99.99%,,,647,99.99%
647,99.99%,,,648,99.99%
648,99.99%,,,649,99.99%
649,99.99%,,,650,99.99%
650,99.99%,,,651,99.99%
651,99.99%,,,652,99.99%
652,99.99%,,,653,99.99%
653,99.99%,,,654,99.99%
654,99.99%,,,655,99.99%
655,99.99%,,,656,99.99%
656,99.99%,,,657,99.99%
657,99.99%,,,658,99.99%
658,99.99%,,,659,99.99%
659,99.99%,,,660,99.99%
660,99.99%,,,661,99.99%
661,99.99%,,,662,99.99%
662,99.99%,,,663,99.99%
663,99.99%,,,664,99.99%
664,99.99%,,,665,99.99%
665,99.99%,,,666,99.99%
666,99.99%,,,667,99.99%
667,99.99%,,,668,99.99%
668,99.99%,,,669,99.99%
669,99.99%,,,670,99.99%
670,99.99%,,,671,99.99%
671,99.99%,,,672,99.99%
672,99.99%,,,673,99.99%
673,99.99%,,,674,99.99%
674,99.99%,,,675,99.99%
675,99.99%,,,676,99.99%
676,99.99%,,,677,99.99%
677,99.99%,,,678,99.99%
678,99.99%,,,679,99.99%
679,99.99%,,,680,99.99%
680,99.99%,,,681,99.99%
681,99.99%,,,682,99.99%
682,99.99%,,,683,99.99%
683,99.99%,,,684,99.99%
684,99.99%,,,685,99.99%
685,99.99%,,,686,99.99%
686,99.99%,,,687,99.99%
687,99.99%,,,688,99.99%
688,99.99%,,,689,99.99%
689,99.99%,,,690,99.99%
690,99.99%,,,691,99.99%
691,99.99%,,,692,99.99%
692,99.99%,,,693,99.99%
693,99.99%,,,694,99.99%
694,99.99%,,,695,99.99%
695,99.99%,,,696,99.99%
696,99.99%,,,697,99.99%
697,99.99%,,,698,99.99%
698,99.99%,,,699,99.99%
699,99.99%,,,700,99.99%
700,99.99%,,,701,99.99%
701,99.99%,,,702,99.99%
702,99.99%,,,703,99.99%
703,99.99%,,,704,99.99%
704,99.99%,,,705,99.99%
705,99.99%,,,706,99.99%
706,99.99%,,,707,99.99%
707,99.99%,,,708,99.99%
708,99.99%,,,709,99.99%
709,99.99%,,,710,99.99%
710,100.00%,,,711,99.99%
711,100.00%,,,712,99.99%
712,100.00%,,,713,99.99%
713,100.00%,,,714,99.99%
714,100.00%,,,715,99.99%
715,100.00%,,,716,99.99%
716,100.00%,,,717,99.99%
717,100.00%,,,718,99.99%
718,100.00%,,,719,99.99%
719,100.00%,,,720,99.99%
720,100.00%,,,721,99.99%
721,100.00%,,,722,99.99%
722,100.00%,,,723,99.99%
723,100.00%,,,724,99.99%
724,100.00%,,,725,99.99%
725,100.00%,,,726,99.99%
726,100.00%,,,727,99.99%
727,100.00%,,,728,99.99%
728,100.00%,,,729,99.99%
729,100.00%,,,730,99.99%
730,100.00%,,,731,99.99%
731,100.00%,,,732,99.99%
732,100.00%,,,733,99.99%
733,100.00%,,,734,99.99%
734,100.00%,,,735,99.99%
735,100.00%,,,736,99.99%
736,100.00%,,,737,99.99%
737,100.00%,,,738,99.99%
738,100.00%,,,739,99.99%
739,100.00%,,,740,99.99%
740,100.00%,,,741,99.99%
741,100.00%,,,742,99.99%
742,100.00%,,,743,99.99%
743,100.00%,,,744,99.99%
744,100.00%,,,745,99.99%
745,100.00%,,,746,99.99%
746,100.00%,,,747,99.99%
747,100.00%,,,748,99.99%
748,100.00%,,,749,99.99%
749,100.00%,,,750,99.99%
750,100.00%,,,751,99.99%
751,100.00%,,,752,100.00%
752,100.00%,,,753,100.00%
753,100.00%,,,754,100.00%
754,100.00%,,,755,100.00%
755,100.00%,,,756,100.00%
756,100.00%,,,757,100.00%
757,100.00%,,,758,100.00%
758,100.00%,,,759,100.00%
759,100.00%,,,760,100.00%
760,100.00%,,,761,100.00%
761,100.00%,,,762,100.00%
762,100.00%,,,763,100.00%
763,100.00%,,,764,100.00%
764,100.00%,,,765,100.00%
765,100.00%,,,766,100.00%
766,100.00%,,,767,100.00%
767,100.00%,,,768,100.00%
768,100.00%,,,769,100.00%
769,100.00%,,,770,100.00%
770,100.00%,,,771,100.00%
771,100.00%,,,772,100.00%
772,100.00%,,,773,100.00%
773,100.00%,,,774,100.00%
774,100.00%,,,775,100.00%
775,100.00%,,,776,100.00%
776,100.00%,,,777,100.00%
777,100.00%,,,778,100.00%
778,100.00%,,,779,100.00%
779,100.00%,,,780,100.00%
780,100.00%,,,781,100.00%
781,100.00%,,,782,100.00%
782,100.00%,,,783,100.00%
783,100.00%,,,784,100.00%
784,100.00%,,,785,100.00%
785,100.00%,,,786,100.00%
786,100.00%,,,787,100.00%
787,100.00%,,,788,100.00%
788,100.00%,,,789,100.00%
789,100.00%,,,790,100.00%
790,100.00%,,,791,100.00%
791,100.00%,,,792,100.00%
792,100.00%,,,793,100.00%
793,100.00%,,,794,100.00%
794,100.00%,,,795,100.00%
795,100.00%,,,796,100.00%
796,100.00%,,,797,100.00%
797,100.00%,,,798,100.00%
798,100.00%,,,799,100.00%
799,100.00%,,,800,100.00%
800,100.00%,,,801,100.00%
801,100.00%,,,802,100.00%
802,100.00%,,,803,100.00%
803,100.00%,,,804,100.00%
804,100.00%,,,805,100.00%
805,100.00%,,,806,100.00%
806,100.00%,,,807,100.00%
807,100.00%,,,808,100.00%
808,100.00%,,,809,100.00%
809,100.00%,,,810,100.00%
810,100.00%,,,811,100.00%
811,100.00%,,,812,100.00%
812,100.00%,,,813,100.00%
813,100.00%,,,814,100.00%
814,100.00%,,,815,100.00%
815,100.00%,,,816,100.00%
816,100.00%,,,817,100.00%
817,100.00%,,,818,100.00%
818,100.00%,,,819,100.00%
819,100.00%,,,820,100.00%
820,100.00%,,,821,100.00%
821,100.00%,,,822,100.00%
822,100.00%,,,823,100.00%
823,100.00%,,,824,100.00%
824,100.00%,,,825,100.00%
825,100.00%,,,826,100.00%
826,100.00%,,,827,100.00%
827,100.00%,,,828,100.00%
828,100.00%,,,829,100.00%
829,100.00%,,,830,100.00%
830,100.00%,,,831,100.00%
831,100.00%,,,832,100.00%
832,100.00%,,,833,100.00%
833,100.00%,,,834,100.00%
834,100.00%,,,835,100.00%
835,100.00%,,,836,100.00%
836,100.00%,,,837,100.00%
837,100.00%,,,838,100.00%
838,100.00%,,,839,100.00%
839,100.00%,,,840,100.00%
840,100.00%,,,841,100.00%
841,100.00%,,,842,100.00%
842,100.00%,,,843,100.00%
843,100.00%,,,844,100.00%
844,100.00%,,,845,100.00%
845,100.00%,,,846,100.00%
846,100.00%,,,847,100.00%
847,100.00%,,,848,100.00%
848,100.00%,,,849,100.00%
849,100.00%,,,850,100.00%
850,100.00%,,,851,100.00%
851,100.00%,,,852,100.00%
852,100.00%,,,853,100.00%
853,100.00%,,,854,100.00%
854,100.00%,,,855,100.00%
855,100.00%,,,856,100.00%
856,100.00%,,,857,100.00%
857,100.00%,,,858,100.00%
858,100.00%,,,859,100.00%
859,100.00%,,,860,100.00%
860,100.00%,,,861,100.00%
861,100.00%,,,862,100.00%
862,100.00%,,,863,100.00%
863,100.00%,,,864,100.00%
864,100.00%,,,865,100.00%
865,100.00%,,,866,100.00%
866,100.00%,,,867,100.00%
867,100.00%,,,868,100.00%
868,100.00%,,,869,100.00%
869,100.00%,,,870,100.00%
870,100.00%,,,871,100.00%
871,100.00%,,,872,100.00%
872,100.00%,,,873,100.00%
873,100.00%,,,874,100.00%
874,100.00%,,,875,100.00%
875,100.00%,,,876,100.00%
876,100.00%,,,877,100.00%
877,100.00%,,,878,100.00%
878,100.00%,,,879,100.00%
879,100.00%,,,880,100.00%
880,100.00%,,,881,100.00%
881,100.00%,,,882,100.00%
882,100.00%,,,883,100.00%
883,100.00%,,,884,100.00%
884,100.00%,,,885,100.00%
885,100.00%,,,886,100.00%
886,100.00%,,,887,100.00%
887,100.00%,,,888,100.00%
888,100.00%,,,889,100.00%
889,100.00%,,,890,100.00%
890,100.00%,,,891,100.00%
891,100.00%,,,892,100.00%
892,100.00%,,,893,100.00%
893,100.00%,,,894,100.00%
894,100.00%,,,895,100.00%
895,100.00%,,,896,100.00%
896,100.00%,,,897,100.00%
897,100.00%,,,898,100.00%
898,100.00%,,,899,100.00%
899,100.00%,,,900,100.00%
900,100.00%,,,901,100.00%
901,100.00%,,,902,100.00%
902,100.00%,,,903,100.00%
903,100.00%,,,904,100.00%
904,100.00%,,,905,100.00%
905,100.00%,,,906,100.00%
906,100.00%,,,907,100.00%
907,100.00%,,,908,100.00%
908,100.00%,,,909,100.00%
909,100.00%,,,910,100.00%
910,100.00%,,,911,100.00%
911,100.00%,,,912,100.00%
912,100.00%,,,913,100.00%
913,100.00%,,,914,100.00%
914,100.00%,,,915,100.00%
915,100.00%,,,916,100.00%
916,100.00%,,,917,100.00%
917,100.00%,,,918,100.00%
918,100.00%,,,919,100.00%
919,100.00%,,,920,100.00%
920,100.00%,,,921,100.00%
921,100.00%,,,922,100.00%
922,100.00%,,,923,100.00%
923,100.00%,,,924,100.00%
924,100.00%,,,925,100.00%
925,100.00%,,,926,100.00%
926,100.00%,,,927,100.00%
927,100.00%,,,928,100.00%
928,100.00%,,,929,100.00%
929,100.00%,,,930,100.00%
930,100.00%,,,931,100.00%
931,100.00%,,,932,100.00%
932,100.00%,,,933,100.00%
933,100.00%,,,934,100.00%
934,100.00%,,,935,100.00%
935,100.00%,,,936,100.00%
936,100.00%,,,937,100.00%
937,100.00%,,,938,100.00%
938,100.00%,,,939,100.00%
939,100.00%,,,940,100.00%
940,100.00%,,,941,100.00%
941,100.00%,,,942,100.00%
942,100.00%,,,943,100.00%
943,100.00%,,,944,100.00%
944,100.00%,,,945,100.00%
945,100.00%,,,946,100.00%
946,100.00%,,,947,100.00%
947,100.00%,,,948,100.00%
948,100.00%,,,949,100.00%
949,100.00%,,,950,100.00%
950,100.00%,,,951,100.00%
951,100.00%,,,952,100.00%
952,100.00%,,,953,100.00%
953,100.00%,,,954,100.00%
954,100.00%,,,955,100.00%
955,100.00%,,,956,100.00%
956,100.00%,,,957,100.00%
957,100.00%,,,958,100.00%
958,100.00%,,,959,100.00%
959,100.00%,,,960,100.00%
960,100.00%,,,961,100.00%
961,100.00%,,,962,100.00%
962,100.00%,,,963,100.00%
963,100.00%,,,964,100.00%
964,100.00%,,,965,100.00%
965,100.00%,,,966,100.00%
966,100.00%,,,967,100.00%
967,100.00%,,,968,100.00%
968,100.00%,,,969,100.00%
969,100.00%,,,970,100.00%
970,100.00%,,,971,100.00%
971,100.00%,,,972,100.00%
972,100.00%,,,973,100.00%
973,100.00%,,,974,100.00%
974,100.00%,,,975,100.00%
975,100.00%,,,976,100.00%
976,100.00%,,,977,100.00%
977,100.00%,,,978,100.00%
978,100.00%,,,979,100.00%
979,100.00%,,,980,100.00%
980,100.00%,,,981,100.00%
981,100.00%,,,982,100.00%
982,100.00%,,,983,100.00%
983,100.00%,,,984,100.00%
984,100.00%,,,985,100.00%
985,100.00%,,,986,100.00%
986,100.00%,,,987,100.00%
987,100.00%,,,988,100.00%
988,100.00%,,,989,100.00%
989,100.00%,,,990,100.00%
990,100.00%,,,991,100.00%
991,100.00%,,,992,100.00%
992,100.00%,,,993,100.00%
993,100.00%,,,994,100.00%
994,100.00%,,,995,100.00%
995,100.00%,,,996,100.00%
996,100.00%,,,997,100.00%
997,100.00%,,,998,100.00%
998,100.00%,,,999,100.00%
999,100.00%,,,1000,100.00%
1000,100.00%,,,1001,100.00%
1001,100.00%,,,1002,100.00%
1002,100.00%,,,1003,100.00%
1003,100.00%,,,1004,100.00%
1004,100.00%,,,1005,100.00%
1005,100.00%,,,1006,100.00%
1006,100.00%,,,1007,100.00%
1007,100.00%,,,1008,100.00%
1008,100.00%,,,1009,100.00%
1009,100.00%,,,1010,100.00%
1010,100.00%,,,1011,100.00%
1011,100.00%,,,1012,100.00%
1012,100.00%,,,1013,100.00%
1013,100.00%,,,1014,100.00%
1015,100.00%,,,1015,100.00%
1017,100.00%,,,1016,100.00%
1018,100.00%,,,1017,100.00%
1019,100.00%,,,1018,100.00%
1020,100.00%,,,1019,100.00%
1021,100.00%,,,1020,100.00%
1022,100.00%,,,1021,100.00%
1023,100.00%,,,1022,100.00%
1024,100.00%,,,1023,100.00%
1025,100.00%,,,1024,100.00%
1026,100.00%,,,1025,100.00%
1027,100.00%,,,1026,100.00%
1028,100.00%,,,1027,100.00%
1029,100.00%,,,1028,100.00%
1030,100.00%,,,1029,100.00%
1031,100.00%,,,1030,100.00%
1032,100.00%,,,1031,100.00%
1033,100.00%,,,1032,100.00%
1034,100.00%,,,1033,100.00%
1035,100.00%,,,1034,100.00%
1036,100.00%,,,1035,100.00%
1037,100.00%,,,1036,100.00%
1038,100.00%,,,1037,100.00%
1039,100.00%,,,1038,100.00%
1040,100.00%,,,1039,100.00%
1041,100.00%,,,1040,100.00%
1042,100.00%,,,1041,100.00%
1043,100.00%,,,1042,100.00%
1044,100.00%,,,1043,100.00%
1045,100.00%,,,1044,100.00%
1046,100.00%,,,1045,100.00%
1047,100.00%,,,1046,100.00%
1048,100.00%,,,1047,100.00%
1049,100.00%,,,1048,100.00%
1050,100.00%,,,1049,100.00%
1051,100.00%,,,1050,100.00%
1052,100.00%,,,1051,100.00%
1053,100.00%,,,1052,100.00%
1054,100.00%,,,1053,100.00%
1055,100.00%,,,1054,100.00%
1056,100.00%,,,1055,100.00%
1057,100.00%,,,1056,100.00%
1058,100.00%,,,1057,100.00%
1059,100.00%,,,1058,100.00%
1060,100.00%,,,1059,100.00%
1061,100.00%,,,1060,100.00%
1062,100.00%,,,1061,100.00%
1063,100.00%,,,1062,100.00%
1064,100.00%,,,1063,100.00%
1065,100.00%,,,1064,100.00%
1066,100.00%,,,1065,100.00%
1067,100.00%,,,1066,100.00%
1068,100.00%,,,1067,100.00%
1069,100.00%,,,1068,100.00%
1070,100.00%,,,1069,100.00%
1071,100.00%,,,1070,100.00%
1072,100.00%,,,1071,100.00%
1073,100.00%,,,1072,100.00%
1074,100.00%,,,1073,100.00%
1075,100.00%,,,1074,100.00%
1076,100.00%,,,1075,100.00%
1077,100.00%,,,1076,100.00%
1078,100.00%,,,1077,100.00%
1079,100.00%,,,1078,100.00%
1080,100.00%,,,1079,100.00%
1081,100.00%,,,1080,100.00%
1082,100.00%,,,1081,100.00%
1083,100.00%,,,1082,100.00%
1084,100.00%,,,1083,100.00%
1085,100.00%,,,1084,100.00%
1086,100.00%,,,1085,100.00%
1087,100.00%,,,1086,100.00%
1088,100.00%,,,1087,100.00%
1089,100.00%,,,1088,100.00%
1090,100.00%,,,1089,100.00%
1091,100.00%,,,1090,100.00%
1092,100.00%,,,1091,100.00%
1093,100.00%,,,1092,100.00%
1094,100.00%,,,1093,100.00%
1095,100.00%,,,1094,100.00%
1096,100.00%,,,1095,100.00%
1097,100.00%,,,1096,100.00%
1098,100.00%,,,1097,100.00%
1099,100.00%,,,1098,100.00%
1100,100.00%,,,1099,100.00%
1101,100.00%,,,1100,100.00%
1102,100.00%,,,1101,100.00%
1103,100.00%,,,1102,100.00%
1104,100.00%,,,1103,100.00%
1105,100.00%,,,1104,100.00%
1106,100.00%,,,1105,100.00%
1107,100.00%,,,1106,100.00%
1108,100.00%,,,1107,100.00%
1109,100.00%,,,1108,100.00%
1110,100.00%,,,1109,100.00%
1111,100.00%,,,1110,100.00%
1112,100.00%,,,1111,100.00%
1113,100.00%,,,1112,100.00%
1114,100.00%,,,1113,100.00%
1115,100.00%,,,1114,100.00%
1116,100.00%,,,1115,100.00%
1117,100.00%,,,1116,100.00%
1118,100.00%,,,1117,100.00%
1119,100.00%,,,1118,100.00%
1120,100.00%,,,1119,100.00%
1121,100.00%,,,1120,100.00%
1122,100.00%,,,1121,100.00%
1123,100.00%,,,1122,100.00%
1124,100.00%,,,1123,100.00%
1125,100.00%,,,1124,100.00%
1126,100.00%,,,1125,100.00%
1127,100.00%,,,1126,100.00%
1128,100.00%,,,1127,100.00%
1130,100.00%,,,1128,100.00%
1131,100.00%,,,1129,100.00%
1132,100.00%,,,1130,100.00%
1133,100.00%,,,1131,100.00%
1134,100.00%,,,1132,100.00%
1135,100.00%,,,1133,100.00%
1136,100.00%,,,1134,100.00%
1137,100.00%,,,1135,100.00%
1138,100.00%,,,1136,100.00%
1139,100.00%,,,1137,100.00%
1140,100.00%,,,1138,100.00%
1141,100.00%,,,1139,100.00%
1142,100.00%,,,1140,100.00%
1143,100.00%,,,1141,100.00%
1144,100.00%,,,1142,100.00%
1145,100.00%,,,1143,100.00%
1146,100.00%,,,1144,100.00%
1147,100.00%,,,1145,100.00%
1148,100.00%,,,1146,100.00%
1149,100.00%,,,1147,100.00%
1150,100.00%,,,1148,100.00%
1151,100.00%,,,1149,100.00%
1152,100.00%,,,1150,100.00%
1153,100.00%,,,1151,100.00%
1154,100.00%,,,1152,100.00%
1155,100.00%,,,1153,100.00%
1156,100.00%,,,1154,100.00%
1157,100.00%,,,1155,100.00%
1158,100.00%,,,1156,100.00%
1159,100.00%,,,1157,100.00%
1160,100.00%,,,1158,100.00%
1161,100.00%,,,1159,100.00%
1162,100.00%,,,1160,100.00%
1163,100.00%,,,1161,100.00%
1164,100.00%,,,1162,100.00%
1165,100.00%,,,1163,100.00%
1166,100.00%,,,1164,100.00%
1167,100.00%,,,1165,100.00%
1168,100.00%,,,1166,100.00%
1169,100.00%,,,1167,100.00%
1170,100.00%,,,1168,100.00%
1171,100.00%,,,1169,100.00%
1172,100.00%,,,1170,100.00%
1173,100.00%,,,1171,100.00%
1174,100.00%,,,1172,100.00%
1175,100.00%,,,1173,100.00%
1176,100.00%,,,1174,100.00%
1177,100.00%,,,1175,100.00%
1178,100.00%,,,1176,100.00%
1180,100.00%,,,1177,100.00%
1181,100.00%,,,1178,100.00%
1183,100.00%,,,1179,100.00%
1184,100.00%,,,1180,100.00%
1185,100.00%,,,1181,100.00%
1186,100.00%,,,1182,100.00%
1187,100.00%,,,1183,100.00%
1188,100.00%,,,1184,100.00%
1189,100.00%,,,1185,100.00%
1190,100.00%,,,1186,100.00%
1191,100.00%,,,1188,100.00%
1192,100.00%,,,1189,100.00%
1194,100.00%,,,1190,100.00%
1195,100.00%,,,1191,100.00%
1196,100.00%,,,1192,100.00%
1197,100.00%,,,1193,100.00%
1198,100.00%,,,1195,100.00%
1199,100.00%,,,1196,100.00%
1200,100.00%,,,1197,100.00%
1201,100.00%,,,1198,100.00%
1202,100.00%,,,1199,100.00%
1203,100.00%,,,1200,100.00%
1204,100.00%,,,1201,100.00%
1205,100.00%,,,1202,100.00%
1206,100.00%,,,1203,100.00%
1207,100.00%,,,1204,100.00%
1208,100.00%,,,1205,100.00%
1210,100.00%,,,1206,100.00%
1211,100.00%,,,1207,100.00%
1212,100.00%,,,1208,100.00%
1213,100.00%,,,1209,100.00%
1214,100.00%,,,1210,100.00%
1215,100.00%,,,1211,100.00%
1216,100.00%,,,1212,100.00%
1217,100.00%,,,1213,100.00%
1218,100.00%,,,1214,100.00%
1219,100.00%,,,1215,100.00%
1220,100.00%,,,1216,100.00%
1221,100.00%,,,1217,100.00%
1222,100.00%,,,1218,100.00%
1223,100.00%,,,1219,100.00%
1224,100.00%,,,1220,100.00%
1225,100.00%,,,1221,100.00%
1226,100.00%,,,1222,100.00%
1227,100.00%,,,1223,100.00%
1228,100.00%,,,1224,100.00%
1229,100.00%,,,1225,100.00%
1230,100.00%,,,1226,100.00%
1231,100.00%,,,1227,100.00%
1232,100.00%,,,1228,100.00%
1233,100.00%,,,1229,100.00%
1234,100.00%,,,1230,100.00%
1235,100.00%,,,1231,100.00%
1236,100.00%,,,1232,100.00%
1237,100.00%,,,1233,100.00%
1238,100.00%,,,1234,100.00%
1239,100.00%,,,1235,100.00%
1240,100.00%,,,1236,100.00%
1241,100.00%,,,1237,100.00%
1242,100.00%,,,1238,100.00%
1243,100.00%,,,1239,100.00%
1244,100.00%,,,1240,100.00%
1246,100.00%,,,1241,100.00%
1248,100.00%,,,1242,100.00%
1249,100.00%,,,1243,100.00%
1250,100.00%,,,1244,100.00%
1251,100.00%,,,1246,100.00%
1252,100.00%,,,1247,100.00%
1253,100.00%,,,1248,100.00%
1254,100.00%,,,1249,100.00%
1255,100.00%,,,1250,100.00%
1256,100.00%,,,1251,100.00%
1257,100.00%,,,1252,100.00%
1258,100.00%,,,1253,100.00%
1259,100.00%,,,1254,100.00%
1260,100.00%,,,1255,100.00%
1261,100.00%,,,1256,100.00%
1262,100.00%,,,1257,100.00%
1263,100.00%,,,1258,100.00%
1264,100.00%,,,1259,100.00%
1265,100.00%,,,1260,100.00%
1266,100.00%,,,1261,100.00%
1267,100.00%,,,1262,100.00%
1268,100.00%,,,1263,100.00%
1269,100.00%,,,1264,100.00%
1270,100.00%,,,1265,100.00%
1271,100.00%,,,1266,100.00%
1272,100.00%,,,1267,100.00%
1273,100.00%,,,1268,100.00%
1274,100.00%,,,1269,100.00%
1275,100.00%,,,1270,100.00%
1276,100.00%,,,1271,100.00%
1277,100.00%,,,1272,100.00%
1278,100.00%,,,1273,100.00%
1280,100.00%,,,1274,100.00%
1281,100.00%,,,1275,100.00%
1283,100.00%,,,1277,100.00%
1284,100.00%,,,1278,100.00%
1285,100.00%,,,1279,100.00%
1286,100.00%,,,1280,100.00%
1287,100.00%,,,1281,100.00%
1288,100.00%,,,1282,100.00%
1289,100.00%,,,1283,100.00%
1290,100.00%,,,1284,100.00%
1291,100.00%,,,1285,100.00%
1292,100.00%,,,1286,100.00%
1293,100.00%,,,1287,100.00%
1294,100.00%,,,1288,100.00%
1295,100.00%,,,1289,100.00%
1296,100.00%,,,1290,100.00%
1297,100.00%,,,1291,100.00%
1298,100.00%,,,1292,100.00%
1299,100.00%,,,1293,100.00%
1300,100.00%,,,1294,100.00%
1301,100.00%,,,1295,100.00%
1302,100.00%,,,1296,100.00%
1304,100.00%,,,1297,100.00%
1305,100.00%,,,1298,100.00%
1306,100.00%,,,1299,100.00%
1307,100.00%,,,1300,100.00%
1308,100.00%,,,1301,100.00%
1309,100.00%,,,1302,100.00%
1310,100.00%,,,1303,100.00%
1311,100.00%,,,1304,100.00%
1312,100.00%,,,1305,100.00%
1313,100.00%,,,1306,100.00%
1314,100.00%,,,1307,100.00%
1315,100.00%,,,1308,100.00%
1316,100.00%,,,1309,100.00%
1317,100.00%,,,1310,100.00%
1318,100.00%,,,1311,100.00%
1319,100.00%,,,1312,100.00%
1320,100.00%,,,1313,100.00%
1321,100.00%,,,1314,100.00%
1322,100.00%,,,1315,100.00%
1323,100.00%,,,1316,100.00%
1324,100.00%,,,1317,100.00%
1325,100.00%,,,1318,100.00%
1326,100.00%,,,1319,100.00%
1327,100.00%,,,1320,100.00%
1328,100.00%,,,1321,100.00%
1329,100.00%,,,1322,100.00%
1330,100.00%,,,1323,100.00%
1331,100.00%,,,1324,100.00%
1332,100.00%,,,1325,100.00%
1333,100.00%,,,1326,100.00%
1334,100.00%,,,1327,100.00%
1335,100.00%,,,1328,100.00%
1336,100.00%,,,1329,100.00%
1337,100.00%,,,1330,100.00%
1338,100.00%,,,1331,100.00%
1339,100.00%,,,1332,100.00%
1340,100.00%,,,1333,100.00%
1341,100.00%,,,1334,100.00%
1342,100.00%,,,1335,100.00%
1343,100.00%,,,1336,100.00%
1344,100.00%,,,1337,100.00%
1345,100.00%,,,1338,100.00%
1346,100.00%,,,1339,100.00%
1347,100.00%,,,1340,100.00%
1348,100.00%,,,1341,100.00%
1349,100.00%,,,1342,100.00%
1350,100.00%,,,1343,100.00%
1351,100.00%,,,1344,100.00%
1352,100.00%,,,1345,100.00%
1353,100.00%,,,1346,100.00%
1354,100.00%,,,1347,100.00%
1355,100.00%,,,1348,100.00%
1356,100.00%,,,1349,100.00%
1357,100.00%,,,1350,100.00%
1358,100.00%,,,1351,100.00%
1359,100.00%,,,1352,100.00%
1360,100.00%,,,1353,100.00%
1361,100.00%,,,1354,100.00%
1362,100.00%,,,1355,100.00%
1363,100.00%,,,1356,100.00%
1364,100.00%,,,1357,100.00%
1365,100.00%,,,1358,100.00%
1366,100.00%,,,1359,100.00%
1367,100.00%,,,1360,100.00%
1368,100.00%,,,1361,100.00%
1369,100.00%,,,1362,100.00%
1370,100.00%,,,1363,100.00%
1371,100.00%,,,1364,100.00%
1372,100.00%,,,1365,100.00%
1373,100.00%,,,1366,100.00%
1375,100.00%,,,1367,100.00%
1376,100.00%,,,1368,100.00%
1377,100.00%,,,1369,100.00%
1378,100.00%,,,1370,100.00%
1379,100.00%,,,1371,100.00%
1380,100.00%,,,1372,100.00%
1381,100.00%,,,1373,100.00%
1382,100.00%,,,1374,100.00%
1383,100.00%,,,1375,100.00%
1384,100.00%,,,1376,100.00%
1385,100.00%,,,1377,100.00%
1386,100.00%,,,1378,100.00%
1387,100.00%,,,1379,100.00%
1388,100.00%,,,1380,100.00%
1389,100.00%,,,1381,100.00%
1390,100.00%,,,1382,100.00%
1391,100.00%,,,1383,100.00%
1394,100.00%,,,1384,100.00%
1395,100.00%,,,1385,100.00%
1396,100.00%,,,1386,100.00%
1397,100.00%,,,1387,100.00%
1398,100.00%,,,1388,100.00%
1399,100.00%,,,1389,100.00%
1400,100.00%,,,1390,100.00%
1401,100.00%,,,1391,100.00%
1402,100.00%,,,1394,100.00%
1403,100.00%,,,1395,100.00%
1404,100.00%,,,1396,100.00%
1405,100.00%,,,1398,100.00%
1406,100.00%,,,1399,100.00%
1407,100.00%,,,1400,100.00%
1408,100.00%,,,1401,100.00%
1409,100.00%,,,1402,100.00%
1410,100.00%,,,1403,100.00%
1411,100.00%,,,1404,100.00%
1412,100.00%,,,1405,100.00%
1413,100.00%,,,1406,100.00%
1414,100.00%,,,1407,100.00%
1415,100.00%,,,1408,100.00%
1416,100.00%,,,1409,100.00%
1417,100.00%,,,1410,100.00%
1418,100.00%,,,1411,100.00%
1420,100.00%,,,1412,100.00%
1421,100.00%,,,1413,100.00%
1422,100.00%,,,1414,100.00%
1423,100.00%,,,1415,100.00%
1424,100.00%,,,1416,100.00%
1425,100.00%,,,1417,100.00%
1426,100.00%,,,1419,100.00%
1427,100.00%,,,1420,100.00%
1428,100.00%,,,1421,100.00%
1429,100.00%,,,1422,100.00%
1430,100.00%,,,1423,100.00%
1431,100.00%,,,1424,100.00%
1432,100.00%,,,1425,100.00%
1433,100.00%,,,1426,100.00%
1434,100.00%,,,1427,100.00%
1435,100.00%,,,1428,100.00%
1436,100.00%,,,1429,100.00%
1437,100.00%,,,1430,100.00%
1438,100.00%,,,1431,100.00%
1439,100.00%,,,1432,100.00%
1440,100.00%,,,1433,100.00%
1441,100.00%,,,1434,100.00%
1442,100.00%,,,1435,100.00%
1443,100.00%,,,1436,100.00%
1444,100.00%,,,1437,100.00%
1445,100.00%,,,1438,100.00%
1446,100.00%,,,1439,100.00%
1449,100.00%,,,1440,100.00%
1450,100.00%,,,1441,100.00%
1452,100.00%,,,1442,100.00%
1453,100.00%,,,1443,100.00%
1454,100.00%,,,1444,100.00%
1456,100.00%,,,1445,100.00%
1457,100.00%,,,1446,100.00%
1458,100.00%,,,1449,100.00%
1459,100.00%,,,1450,100.00%
1461,100.00%,,,1452,100.00%
1462,100.00%,,,1453,100.00%
1464,100.00%,,,1454,100.00%
1465,100.00%,,,1455,100.00%
1466,100.00%,,,1456,100.00%
1469,100.00%,,,1457,100.00%
1471,100.00%,,,1458,100.00%
1474,100.00%,,,1459,100.00%
1475,100.00%,,,1460,100.00%
1478,100.00%,,,1461,100.00%
1480,100.00%,,,1462,100.00%
1481,100.00%,,,1463,100.00%
1482,100.00%,,,1465,100.00%
1483,100.00%,,,1466,100.00%
1485,100.00%,,,1470,100.00%
1486,100.00%,,,1471,100.00%
1488,100.00%,,,1472,100.00%
1489,100.00%,,,1474,100.00%
1491,100.00%,,,1475,100.00%
1492,100.00%,,,1479,100.00%
1493,100.00%,,,1480,100.00%
1494,100.00%,,,1481,100.00%
1495,100.00%,,,1482,100.00%
1496,100.00%,,,1483,100.00%
1498,100.00%,,,1486,100.00%
1499,100.00%,,,1487,100.00%
1500,100.00%,,,1489,100.00%
1501,100.00%,,,1490,100.00%
1502,100.00%,,,1491,100.00%
1505,100.00%,,,1492,100.00%
1506,100.00%,,,1493,100.00%
1508,100.00%,,,1494,100.00%
1509,100.00%,,,1496,100.00%
1510,100.00%,,,1497,100.00%
1511,100.00%,,,1498,100.00%
1512,100.00%,,,1499,100.00%
1514,100.00%,,,1500,100.00%
1517,100.00%,,,1501,100.00%
1518,100.00%,,,1502,100.00%
1519,100.00%,,,1504,100.00%
1520,100.00%,,,1505,100.00%
1521,100.00%,,,1506,100.00%
1522,100.00%,,,1508,100.00%
1523,100.00%,,,1509,100.00%
1524,100.00%,,,1510,100.00%
1525,100.00%,,,1511,100.00%
1528,100.00%,,,1512,100.00%
1530,100.00%,,,1513,100.00%
1531,100.00%,,,1514,100.00%
1532,100.00%,,,1515,100.00%
1537,100.00%,,,1516,100.00%
1538,100.00%,,,1518,100.00%
1540,100.00%,,,1519,100.00%
1543,100.00%,,,1521,100.00%
1545,100.00%,,,1522,100.00%
1547,100.00%,,,1523,100.00%
1548,100.00%,,,1524,100.00%
1549,100.00%,,,1525,100.00%
1550,100.00%,,,1527,100.00%
1552,100.00%,,,1528,100.00%
1555,100.00%,,,1529,100.00%
1556,100.00%,,,1530,100.00%
1557,100.00%,,,1531,100.00%
1559,100.00%,,,1532,100.00%
1560,100.00%,,,1533,100.00%
1563,100.00%,,,1534,100.00%
1564,100.00%,,,1537,100.00%
1567,100.00%,,,1538,100.00%
1571,100.00%,,,1539,100.00%
1574,100.00%,,,1540,100.00%
1576,100.00%,,,1544,100.00%
1578,100.00%,,,1546,100.00%
1579,100.00%,,,1548,100.00%
1580,100.00%,,,1549,100.00%
1582,100.00%,,,1551,100.00%
1585,100.00%,,,1552,100.00%
1586,100.00%,,,1554,100.00%
1587,100.00%,,,1555,100.00%
1589,100.00%,,,1556,100.00%
1590,100.00%,,,1557,100.00%
1591,100.00%,,,1558,100.00%
1592,100.00%,,,1559,100.00%
1597,100.00%,,,1562,100.00%
1598,100.00%,,,1563,100.00%
1599,100.00%,,,1564,100.00%
1600,100.00%,,,1565,100.00%
1601,100.00%,,,1567,100.00%
1602,100.00%,,,1568,100.00%
1603,100.00%,,,1569,100.00%
1604,100.00%,,,1572,100.00%
1606,100.00%,,,1573,100.00%
1607,100.00%,,,1574,100.00%
1610,100.00%,,,1575,100.00%
1611,100.00%,,,1576,100.00%
1612,100.00%,,,1578,100.00%
1613,100.00%,,,1579,100.00%
1614,100.00%,,,1580,100.00%
1616,100.00%,,,1581,100.00%
1617,100.00%,,,1582,100.00%
1619,100.00%,,,1585,100.00%
1620,100.00%,,,1586,100.00%
1621,100.00%,,,1587,100.00%
1623,100.00%,,,1589,100.00%
1625,100.00%,,,1590,100.00%
1627,100.00%,,,1591,100.00%
1628,100.00%,,,1592,100.00%
1630,100.00%,,,1595,100.00%
1631,100.00%,,,1598,100.00%
1632,100.00%,,,1600,100.00%
1633,100.00%,,,1601,100.00%
1635,100.00%,,,1602,100.00%
1636,100.00%,,,1603,100.00%
1637,100.00%,,,1604,100.00%
1640,100.00%,,,1606,100.00%
1644,100.00%,,,1607,100.00%
1647,100.00%,,,1609,100.00%
1648,100.00%,,,1611,100.00%
1650,100.00%,,,1612,100.00%
1651,100.00%,,,1613,100.00%
1652,100.00%,,,1614,100.00%
1653,100.00%,,,1616,100.00%
1654,100.00%,,,1617,100.00%
1655,100.00%,,,1618,100.00%
1656,100.00%,,,1619,100.00%
1657,100.00%,,,1620,100.00%
1658,100.00%,,,1621,100.00%
1659,100.00%,,,1623,100.00%
1660,100.00%,,,1624,100.00%
1661,100.00%,,,1625,100.00%
1662,100.00%,,,1626,100.00%
1664,100.00%,,,1627,100.00%
1666,100.00%,,,1628,100.00%
1667,100.00%,,,1630,100.00%
1669,100.00%,,,1631,100.00%
1670,100.00%,,,1633,100.00%
1671,100.00%,,,1634,100.00%
1672,100.00%,,,1635,100.00%
1673,100.00%,,,1636,100.00%
1674,100.00%,,,1638,100.00%
1675,100.00%,,,1639,100.00%
1677,100.00%,,,1641,100.00%
1678,100.00%,,,1642,100.00%
1679,100.00%,,,1645,100.00%
1681,100.00%,,,1646,100.00%
1683,100.00%,,,1647,100.00%
1684,100.00%,,,1648,100.00%
1685,100.00%,,,1651,100.00%
1686,100.00%,,,1652,100.00%
1687,100.00%,,,1653,100.00%
1688,100.00%,,,1654,100.00%
1692,100.00%,,,1655,100.00%
1693,100.00%,,,1656,100.00%
1694,100.00%,,,1657,100.00%
1695,100.00%,,,1658,100.00%
1696,100.00%,,,1659,100.00%
1697,100.00%,,,1660,100.00%
1698,100.00%,,,1661,100.00%
1700,100.00%,,,1662,100.00%
1701,100.00%,,,1663,100.00%
1702,100.00%,,,1665,100.00%
1705,100.00%,,,1666,100.00%
1708,100.00%,,,1667,100.00%
1714,100.00%,,,1668,100.00%
1715,100.00%,,,1669,100.00%
1716,100.00%,,,1670,100.00%
1717,100.00%,,,1671,100.00%
1719,100.00%,,,1672,100.00%
1722,100.00%,,,1673,100.00%
1723,100.00%,,,1674,100.00%
1728,100.00%,,,1675,100.00%
1731,100.00%,,,1678,100.00%
1737,100.00%,,,1679,100.00%
1740,100.00%,,,1681,100.00%
1743,100.00%,,,1682,100.00%
1744,100.00%,,,1683,100.00%
1750,100.00%,,,1684,100.00%
1752,100.00%,,,1685,100.00%
1753,100.00%,,,1686,100.00%
1755,100.00%,,,1687,100.00%
1758,100.00%,,,1688,100.00%
1760,100.00%,,,1689,100.00%
1766,100.00%,,,1692,100.00%
1767,100.00%,,,1696,100.00%
1770,100.00%,,,1697,100.00%
1771,100.00%,,,1698,100.00%
1772,100.00%,,,1701,100.00%
1775,100.00%,,,1702,100.00%
1776,100.00%,,,1703,100.00%
1777,100.00%,,,1705,100.00%
1778,100.00%,,,1706,100.00%
1780,100.00%,,,1708,100.00%
1781,100.00%,,,1712,100.00%
1783,100.00%,,,1714,100.00%
1784,100.00%,,,1715,100.00%
1788,100.00%,,,1717,100.00%
1789,100.00%,,,1722,100.00%
1793,100.00%,,,1723,100.00%
1794,100.00%,,,1725,100.00%
1796,100.00%,,,1726,100.00%
1798,100.00%,,,1728,100.00%
1800,100.00%,,,1733,100.00%
1801,100.00%,,,1737,100.00%
1802,100.00%,,,1738,100.00%
1803,100.00%,,,1740,100.00%
1804,100.00%,,,1743,100.00%
1805,100.00%,,,1744,100.00%
1806,100.00%,,,1746,100.00%
1807,100.00%,,,1751,100.00%
1808,100.00%,,,1752,100.00%
1809,100.00%,,,1753,100.00%
1810,100.00%,,,1755,100.00%
1811,100.00%,,,1759,100.00%
1814,100.00%,,,1760,100.00%
1817,100.00%,,,1762,100.00%
1818,100.00%,,,1763,100.00%
1826,100.00%,,,1766,100.00%
1828,100.00%,,,1768,100.00%
1834,100.00%,,,1769,100.00%
1843,100.00%,,,1772,100.00%
1846,100.00%,,,1773,100.00%
1848,100.00%,,,1776,100.00%
1849,100.00%,,,1777,100.00%
1850,100.00%,,,1778,100.00%
1851,100.00%,,,1779,100.00%
1852,100.00%,,,1781,100.00%
1857,100.00%,,,1782,100.00%
1859,100.00%,,,1784,100.00%
1873,100.00%,,,1785,100.00%
1878,100.00%,,,1786,100.00%
1879,100.00%,,,1788,100.00%
1881,100.00%,,,1789,100.00%
1882,100.00%,,,1790,100.00%
1883,100.00%,,,1791,100.00%
1885,100.00%,,,1794,100.00%
1888,100.00%,,,1795,100.00%
1889,100.00%,,,1796,100.00%
1890,100.00%,,,1797,100.00%
1893,100.00%,,,1799,100.00%
1894,100.00%,,,1800,100.00%
1896,100.00%,,,1801,100.00%
1897,100.00%,,,1802,100.00%
1898,100.00%,,,1803,100.00%
1900,100.00%,,,1804,100.00%
1902,100.00%,,,1806,100.00%
1903,100.00%,,,1807,100.00%
1904,100.00%,,,1808,100.00%
1908,100.00%,,,1809,100.00%
1915,100.00%,,,1811,100.00%
1916,100.00%,,,1816,100.00%
1921,100.00%,,,1817,100.00%
1925,100.00%,,,1818,100.00%
1930,100.00%,,,1819,100.00%
1931,100.00%,,,1822,100.00%
1936,100.00%,,,1826,100.00%
1937,100.00%,,,1828,100.00%
1939,100.00%,,,1830,100.00%
1941,100.00%,,,1831,100.00%
1947,100.00%,,,1836,100.00%
1948,100.00%,,,1841,100.00%
1949,100.00%,,,1843,100.00%
1951,100.00%,,,1845,100.00%
1952,100.00%,,,1847,100.00%
1953,100.00%,,,1848,100.00%
1957,100.00%,,,1850,100.00%
1961,100.00%,,,1851,100.00%
1963,100.00%,,,1852,100.00%
1969,100.00%,,,1857,100.00%
1970,100.00%,,,1861,100.00%
1972,100.00%,,,1864,100.00%
1973,100.00%,,,1873,100.00%
1975,100.00%,,,1875,100.00%
1976,100.00%,,,1876,100.00%
1978,100.00%,,,1878,100.00%
1981,100.00%,,,1879,100.00%
1983,100.00%,,,1882,100.00%
1984,100.00%,,,1883,100.00%
1986,100.00%,,,1884,100.00%
1987,100.00%,,,1885,100.00%
1988,100.00%,,,1886,100.00%
1992,100.00%,,,1889,100.00%
1996,100.00%,,,1890,100.00%
1997,100.00%,,,1892,100.00%
1999,100.00%,,,1893,100.00%
2000,100.00%,,,1895,100.00%
2001,100.00%,,,1897,100.00%
2002,100.00%,,,1898,100.00%
2005,100.00%,,,1900,100.00%
2007,100.00%,,,1901,100.00%
2010,100.00%,,,1902,100.00%
2011,100.00%,,,1903,100.00%
2013,100.00%,,,1904,100.00%
2016,100.00%,,,1907,100.00%
2022,100.00%,,,1909,100.00%
2030,100.00%,,,1911,100.00%
2031,100.00%,,,1912,100.00%
2032,100.00%,,,1913,100.00%
2034,100.00%,,,1916,100.00%
2037,100.00%,,,1923,100.00%
2040,100.00%,,,1925,100.00%
2041,100.00%,,,1928,100.00%
2042,100.00%,,,1930,100.00%
2043,100.00%,,,1933,100.00%
2045,100.00%,,,1936,100.00%
2046,100.00%,,,1937,100.00%
2047,100.00%,,,1939,100.00%
2048,100.00%,,,1941,100.00%
2049,100.00%,,,1943,100.00%
2050,100.00%,,,1946,100.00%
2054,100.00%,,,1949,100.00%
2055,100.00%,,,1952,100.00%
2056,100.00%,,,1953,100.00%
2059,100.00%,,,1954,100.00%
2061,100.00%,,,1955,100.00%
2062,100.00%,,,1956,100.00%
2063,100.00%,,,1957,100.00%
2069,100.00%,,,1958,100.00%
2070,100.00%,,,1960,100.00%
2072,100.00%,,,1961,100.00%
2081,100.00%,,,1962,100.00%
2082,100.00%,,,1963,100.00%
2092,100.00%,,,1968,100.00%
2093,100.00%,,,1969,100.00%
2095,100.00%,,,1971,100.00%
2099,100.00%,,,1972,100.00%
2101,100.00%,,,1973,100.00%
2106,100.00%,,,1974,100.00%
2108,100.00%,,,1975,100.00%
2109,100.00%,,,1976,100.00%
2114,100.00%,,,1978,100.00%
2115,100.00%,,,1979,100.00%
2116,100.00%,,,1980,100.00%
2122,100.00%,,,1981,100.00%
2125,100.00%,,,1982,100.00%
2133,100.00%,,,1983,100.00%
2134,100.00%,,,1984,100.00%
2136,100.00%,,,1986,100.00%
2137,100.00%,,,1988,100.00%
2138,100.00%,,,1989,100.00%
2139,100.00%,,,1990,100.00%
2140,100.00%,,,1992,100.00%
2150,100.00%,,,1994,100.00%
2154,100.00%,,,1995,100.00%
2155,100.00%,,,1996,100.00%
2159,100.00%,,,1998,100.00%
2161,100.00%,,,1999,100.00%
2162,100.00%,,,2000,100.00%
2166,100.00%,,,2001,100.00%
2172,100.00%,,,2002,100.00%
2177,100.00%,,,2003,100.00%
2178,100.00%,,,2004,100.00%
2180,100.00%,,,2005,100.00%
2183,100.00%,,,2006,100.00%
2189,100.00%,,,2007,100.00%
2191,100.00%,,,2009,100.00%
2194,100.00%,,,2010,100.00%
2196,100.00%,,,2011,100.00%
2200,100.00%,,,2013,100.00%
2206,100.00%,,,2014,100.00%
2207,100.00%,,,2016,100.00%
2208,100.00%,,,2017,100.00%
2214,100.00%,,,2020,100.00%
2219,100.00%,,,2022,100.00%
2221,100.00%,,,2025,100.00%
2223,100.00%,,,2031,100.00%
2225,100.00%,,,2033,100.00%
2228,100.00%,,,2035,100.00%
2229,100.00%,,,2038,100.00%
2230,100.00%,,,2040,100.00%
2231,100.00%,,,2041,100.00%
2233,100.00%,,,2042,100.00%
2235,100.00%,,,2043,100.00%
2240,100.00%,,,2044,100.00%
2241,100.00%,,,2045,100.00%
2242,100.00%,,,2046,100.00%
2243,100.00%,,,2047,100.00%
2244,100.00%,,,2048,100.00%
2247,100.00%,,,2049,100.00%
2249,100.00%,,,2052,100.00%
2251,100.00%,,,2054,100.00%
2252,100.00%,,,2055,100.00%
2254,100.00%,,,2056,100.00%
2255,100.00%,,,2057,100.00%
2258,100.00%,,,2058,100.00%
2260,100.00%,,,2059,100.00%
2261,100.00%,,,2063,100.00%
2262,100.00%,,,2065,100.00%
2263,100.00%,,,2069,100.00%
2266,100.00%,,,2070,100.00%
2267,100.00%,,,2071,100.00%
2270,100.00%,,,2072,100.00%
2272,100.00%,,,2074,100.00%
2274,100.00%,,,2075,100.00%
2288,100.00%,,,2081,100.00%
2291,100.00%,,,2082,100.00%
2303,100.00%,,,2085,100.00%
2305,100.00%,,,2086,100.00%
2306,100.00%,,,2089,100.00%
2312,100.00%,,,2092,100.00%
2316,100.00%,,,2093,100.00%
2323,100.00%,,,2095,100.00%
2327,100.00%,,,2096,100.00%
2328,100.00%,,,2101,100.00%
2334,100.00%,,,2106,100.00%
2340,100.00%,,,2108,100.00%
2341,100.00%,,,2110,100.00%
2343,100.00%,,,2111,100.00%
2344,100.00%,,,2114,100.00%
2345,100.00%,,,2115,100.00%
2347,100.00%,,,2116,100.00%
2350,100.00%,,,2117,100.00%
2351,100.00%,,,2121,100.00%
2353,100.00%,,,2122,100.00%
2359,100.00%,,,2125,100.00%
2364,100.00%,,,2129,100.00%
2365,100.00%,,,2135,100.00%
2366,100.00%,,,2136,100.00%
2367,100.00%,,,2137,100.00%
2377,100.00%,,,2138,100.00%
2379,100.00%,,,2139,100.00%
2382,100.00%,,,2141,100.00%
2385,100.00%,,,2150,100.00%
2386,100.00%,,,2155,100.00%
2393,100.00%,,,2159,100.00%
2395,100.00%,,,2162,100.00%
2400,100.00%,,,2163,100.00%
2401,100.00%,,,2166,100.00%
2402,100.00%,,,2175,100.00%
2404,100.00%,,,2177,100.00%
2406,100.00%,,,2178,100.00%
2408,100.00%,,,2184,100.00%
2409,100.00%,,,2189,100.00%
2410,100.00%,,,2191,100.00%
2412,100.00%,,,2194,100.00%
2413,100.00%,,,2196,100.00%
2414,100.00%,,,2200,100.00%
2415,100.00%,,,2203,100.00%
2417,100.00%,,,2207,100.00%
2419,100.00%,,,2208,100.00%
2420,100.00%,,,2210,100.00%
2421,100.00%,,,2214,100.00%
2422,100.00%,,,2219,100.00%
2423,100.00%,,,2221,100.00%
2424,100.00%,,,2224,100.00%
2426,100.00%,,,2225,100.00%
2427,100.00%,,,2229,100.00%
2428,100.00%,,,2230,100.00%
2429,100.00%,,,2232,100.00%
2431,100.00%,,,2233,100.00%
2434,100.00%,,,2234,100.00%
2435,100.00%,,,2235,100.00%
2446,100.00%,,,2236,100.00%
2449,100.00%,,,2240,100.00%
2459,100.00%,,,2241,100.00%
2463,100.00%,,,2242,100.00%
2469,100.00%,,,2244,100.00%
2472,100.00%,,,2245,100.00%
2473,100.00%,,,2246,100.00%
2475,100.00%,,,2247,100.00%
2477,100.00%,,,2249,100.00%
2487,100.00%,,,2251,100.00%
2493,100.00%,,,2254,100.00%
2496,100.00%,,,2255,100.00%
2503,100.00%,,,2257,100.00%
2507,100.00%,,,2258,100.00%
2513,100.00%,,,2259,100.00%
2517,100.00%,,,2260,100.00%
2518,100.00%,,,2261,100.00%
2519,100.00%,,,2263,100.00%
2520,100.00%,,,2266,100.00%
2521,100.00%,,,2267,100.00%
2522,100.00%,,,2269,100.00%
2523,100.00%,,,2270,100.00%
2524,100.00%,,,2272,100.00%
2525,100.00%,,,2274,100.00%
2526,100.00%,,,2276,100.00%
2527,100.00%,,,2280,100.00%
2529,100.00%,,,2281,100.00%
2530,100.00%,,,2290,100.00%
2531,100.00%,,,2291,100.00%
2532,100.00%,,,2305,100.00%
2533,100.00%,,,2306,100.00%
2534,100.00%,,,2312,100.00%
2535,100.00%,,,2316,100.00%
2536,100.00%,,,2317,100.00%
2537,100.00%,,,2323,100.00%
2538,100.00%,,,2327,100.00%
2539,100.00%,,,2328,100.00%
2540,100.00%,,,2330,100.00%
2541,100.00%,,,2334,100.00%
2542,100.00%,,,2340,100.00%
2543,100.00%,,,2343,100.00%
2544,100.00%,,,2344,100.00%
2545,100.00%,,,2345,100.00%
2546,100.00%,,,2347,100.00%
2547,100.00%,,,2352,100.00%
2549,100.00%,,,2353,100.00%
2555,100.00%,,,2355,100.00%
2558,100.00%,,,2361,100.00%
2562,100.00%,,,2364,100.00%
2563,100.00%,,,2365,100.00%
2564,100.00%,,,2366,100.00%
2568,100.00%,,,2368,100.00%
2572,100.00%,,,2371,100.00%
2581,100.00%,,,2379,100.00%
2585,100.00%,,,2381,100.00%
2588,100.00%,,,2382,100.00%
2590,100.00%,,,2385,100.00%
2593,100.00%,,,2386,100.00%
2600,100.00%,,,2393,100.00%
2601,100.00%,,,2395,100.00%
2619,100.00%,,,2400,100.00%
2621,100.00%,,,2401,100.00%
2623,100.00%,,,2402,100.00%
2630,100.00%,,,2405,100.00%
2631,100.00%,,,2408,100.00%
2636,100.00%,,,2410,100.00%
2637,100.00%,,,2411,100.00%
2639,100.00%,,,2412,100.00%
2640,100.00%,,,2413,100.00%
2641,100.00%,,,2414,100.00%
2643,100.00%,,,2415,100.00%
2644,100.00%,,,2416,100.00%
2645,100.00%,,,2418,100.00%
2646,100.00%,,,2419,100.00%
2651,100.00%,,,2420,100.00%
2661,100.00%,,,2421,100.00%
2665,100.00%,,,2422,100.00%
2668,100.00%,,,2423,100.00%
2673,100.00%,,,2424,100.00%
2679,100.00%,,,2425,100.00%
2681,100.00%,,,2427,100.00%
2685,100.00%,,,2428,100.00%
2694,100.00%,,,2429,100.00%
2698,100.00%,,,2431,100.00%
2702,100.00%,,,2432,100.00%
2717,100.00%,,,2435,100.00%
2720,100.00%,,,2446,100.00%
2732,100.00%,,,2447,100.00%
2737,100.00%,,,2449,100.00%
2739,100.00%,,,2455,100.00%
2742,100.00%,,,2459,100.00%
2749,100.00%,,,2460,100.00%
2750,100.00%,,,2461,100.00%
2754,100.00%,,,2463,100.00%
2761,100.00%,,,2471,100.00%
2774,100.00%,,,2473,100.00%
2775,100.00%,,,2474,100.00%
2777,100.00%,,,2475,100.00%
2779,100.00%,,,2477,100.00%
2780,100.00%,,,2485,100.00%
2782,100.00%,,,2489,100.00%
2787,100.00%,,,2492,100.00%
2790,100.00%,,,2495,100.00%
2791,100.00%,,,2498,100.00%
2792,100.00%,,,2504,100.00%
2793,100.00%,,,2505,100.00%
2794,100.00%,,,2509,100.00%
2795,100.00%,,,2513,100.00%
2796,100.00%,,,2514,100.00%
2797,100.00%,,,2517,100.00%
2798,100.00%,,,2518,100.00%
2799,100.00%,,,2519,100.00%
2800,100.00%,,,2520,100.00%
2801,100.00%,,,2521,100.00%
2802,100.00%,,,2522,100.00%
2803,100.00%,,,2523,100.00%
2804,100.00%,,,2524,100.00%
2805,100.00%,,,2525,100.00%
2807,100.00%,,,2526,100.00%
2808,100.00%,,,2527,100.00%
2809,100.00%,,,2529,100.00%
2810,100.00%,,,2530,100.00%
2811,100.00%,,,2531,100.00%
2812,100.00%,,,2532,100.00%
2813,100.00%,,,2533,100.00%
2814,100.00%,,,2535,100.00%
2815,100.00%,,,2536,100.00%
2816,100.00%,,,2537,100.00%
2818,100.00%,,,2538,100.00%
2819,100.00%,,,2539,100.00%
2820,100.00%,,,2540,100.00%
2821,100.00%,,,2541,100.00%
2822,100.00%,,,2542,100.00%
2823,100.00%,,,2543,100.00%
2824,100.00%,,,2544,100.00%
2825,100.00%,,,2545,100.00%
2826,100.00%,,,2552,100.00%
2827,100.00%,,,2556,100.00%
2828,100.00%,,,2558,100.00%
2829,100.00%,,,2562,100.00%
2836,100.00%,,,2563,100.00%
2841,100.00%,,,2564,100.00%
2842,100.00%,,,2565,100.00%
2844,100.00%,,,2568,100.00%
2845,100.00%,,,2569,100.00%
2856,100.00%,,,2570,100.00%
2859,100.00%,,,2572,100.00%
2861,100.00%,,,2581,100.00%
2863,100.00%,,,2583,100.00%
2864,100.00%,,,2584,100.00%
2865,100.00%,,,2588,100.00%
2866,100.00%,,,2590,100.00%
2871,100.00%,,,2593,100.00%
2872,100.00%,,,2599,100.00%
2875,100.00%,,,2600,100.00%
2876,100.00%,,,2601,100.00%
2881,100.00%,,,2621,100.00%
2886,100.00%,,,2623,100.00%
2888,100.00%,,,2630,100.00%
2895,100.00%,,,2631,100.00%
2918,100.00%,,,2632,100.00%
2919,100.00%,,,2633,100.00%
2923,100.00%,,,2635,100.00%
2924,100.00%,,,2636,100.00%
2927,100.00%,,,2639,100.00%
2929,100.00%,,,2641,100.00%
2930,100.00%,,,2643,100.00%
2933,100.00%,,,2645,100.00%
2935,100.00%,,,2646,100.00%
2939,100.00%,,,2647,100.00%
2941,100.00%,,,2649,100.00%
2942,100.00%,,,2652,100.00%
2948,100.00%,,,2655,100.00%
2958,100.00%,,,2661,100.00%
2959,100.00%,,,2665,100.00%
2961,100.00%,,,2668,100.00%
2962,100.00%,,,2673,100.00%
2963,100.00%,,,2675,100.00%
2965,100.00%,,,2679,100.00%
2969,100.00%,,,2683,100.00%
2976,100.00%,,,2686,100.00%
2980,100.00%,,,2702,100.00%
2982,100.00%,,,2717,100.00%
2984,100.00%,,,2718,100.00%
3000,100.00%,,,2720,100.00%
3003,100.00%,,,2732,100.00%
3006,100.00%,,,2737,100.00%
3016,100.00%,,,2739,100.00%
3023,100.00%,,,2742,100.00%
3025,100.00%,,,2747,100.00%
3026,100.00%,,,2750,100.00%
3027,100.00%,,,2751,100.00%
3028,100.00%,,,2752,100.00%
3029,100.00%,,,2754,100.00%
3031,100.00%,,,2760,100.00%
3032,100.00%,,,2764,100.00%
3033,100.00%,,,2772,100.00%
3046,100.00%,,,2773,100.00%
3049,100.00%,,,2776,100.00%
3054,100.00%,,,2777,100.00%
3063,100.00%,,,2779,100.00%
3072,100.00%,,,2780,100.00%
3081,100.00%,,,2782,100.00%
3094,100.00%,,,2786,100.00%
3097,100.00%,,,2787,100.00%
3101,100.00%,,,2790,100.00%
3107,100.00%,,,2791,100.00%
3114,100.00%,,,2792,100.00%
3118,100.00%,,,2793,100.00%
3124,100.00%,,,2794,100.00%
3125,100.00%,,,2795,100.00%
3126,100.00%,,,2796,100.00%
3127,100.00%,,,2797,100.00%
3128,100.00%,,,2798,100.00%
3129,100.00%,,,2799,100.00%
3130,100.00%,,,2800,100.00%
3132,100.00%,,,2801,100.00%
3133,100.00%,,,2802,100.00%
3134,100.00%,,,2803,100.00%
3135,100.00%,,,2804,100.00%
3136,100.00%,,,2807,100.00%
3137,100.00%,,,2809,100.00%
3138,100.00%,,,2811,100.00%
3139,100.00%,,,2812,100.00%
3140,100.00%,,,2813,100.00%
3142,100.00%,,,2815,100.00%
3143,100.00%,,,2816,100.00%
3144,100.00%,,,2818,100.00%
3145,100.00%,,,2819,100.00%
3147,100.00%,,,2820,100.00%
3151,100.00%,,,2821,100.00%
3154,100.00%,,,2822,100.00%
3156,100.00%,,,2823,100.00%
3159,100.00%,,,2824,100.00%
3170,100.00%,,,2825,100.00%
3176,100.00%,,,2826,100.00%
3177,100.00%,,,2827,100.00%
3179,100.00%,,,2828,100.00%
3195,100.00%,,,2836,100.00%
3198,100.00%,,,2842,100.00%
3201,100.00%,,,2843,100.00%
3204,100.00%,,,2845,100.00%
3207,100.00%,,,2858,100.00%
3213,100.00%,,,2859,100.00%
3239,100.00%,,,2861,100.00%
3249,100.00%,,,2865,100.00%
3259,100.00%,,,2866,100.00%
3266,100.00%,,,2872,100.00%
3268,100.00%,,,2875,100.00%
3280,100.00%,,,2883,100.00%
3297,100.00%,,,2889,100.00%
3299,100.00%,,,2890,100.00%
3300,100.00%,,,2895,100.00%
3301,100.00%,,,2896,100.00%
3308,100.00%,,,2897,100.00%
3309,100.00%,,,2904,100.00%
3311,100.00%,,,2924,100.00%
3325,100.00%,,,2927,100.00%
3332,100.00%,,,2931,100.00%
3341,100.00%,,,2933,100.00%
3350,100.00%,,,2935,100.00%
3355,100.00%,,,2939,100.00%
3362,100.00%,,,2942,100.00%
3374,100.00%,,,2945,100.00%
3376,100.00%,,,2947,100.00%
3381,100.00%,,,2948,100.00%
3387,100.00%,,,2959,100.00%
3388,100.00%,,,2960,100.00%
3400,100.00%,,,2962,100.00%
3402,100.00%,,,2963,100.00%
3404,100.00%,,,2966,100.00%
3405,100.00%,,,2967,100.00%
3413,100.00%,,,2969,100.00%
3420,100.00%,,,2970,100.00%
3421,100.00%,,,2973,100.00%
3436,100.00%,,,2977,100.00%
3441,100.00%,,,2981,100.00%
3446,100.00%,,,2983,100.00%
3448,100.00%,,,2991,100.00%
3454,100.00%,,,3000,100.00%
3457,100.00%,,,3002,100.00%
3458,100.00%,,,3006,100.00%
3461,100.00%,,,3020,100.00%
3480,100.00%,,,3025,100.00%
3481,100.00%,,,3027,100.00%
3482,100.00%,,,3029,100.00%
3486,100.00%,,,3030,100.00%
3491,100.00%,,,3031,100.00%
3498,100.00%,,,3032,100.00%
3499,100.00%,,,3035,100.00%
3503,100.00%,,,3036,100.00%
3506,100.00%,,,3037,100.00%
3512,100.00%,,,3047,100.00%
3519,100.00%,,,3048,100.00%
3533,100.00%,,,3049,100.00%
3540,100.00%,,,3054,100.00%
3559,100.00%,,,3063,100.00%
3560,100.00%,,,3081,100.00%
3568,100.00%,,,3089,100.00%
3572,100.00%,,,3100,100.00%
3573,100.00%,,,3105,100.00%
3574,100.00%,,,3107,100.00%
3586,100.00%,,,3110,100.00%
3591,100.00%,,,3114,100.00%
3597,100.00%,,,3120,100.00%
3602,100.00%,,,3122,100.00%
3606,100.00%,,,3127,100.00%
3609,100.00%,,,3128,100.00%
3616,100.00%,,,3129,100.00%
3620,100.00%,,,3130,100.00%
3624,100.00%,,,3131,100.00%
3668,100.00%,,,3132,100.00%
3679,100.00%,,,3133,100.00%
3697,100.00%,,,3134,100.00%
3702,100.00%,,,3136,100.00%
3705,100.00%,,,3137,100.00%
3762,100.00%,,,3138,100.00%
3768,100.00%,,,3139,100.00%
3772,100.00%,,,3140,100.00%
3775,100.00%,,,3141,100.00%
3779,100.00%,,,3142,100.00%
3789,100.00%,,,3143,100.00%
3800,100.00%,,,3144,100.00%
3805,100.00%,,,3145,100.00%
3821,100.00%,,,3146,100.00%
3834,100.00%,,,3147,100.00%
3842,100.00%,,,3148,100.00%
3846,100.00%,,,3149,100.00%
3856,100.00%,,,3151,100.00%
3858,100.00%,,,3156,100.00%
3877,100.00%,,,3159,100.00%
3881,100.00%,,,3160,100.00%
3883,100.00%,,,3170,100.00%
3884,100.00%,,,3172,100.00%
3885,100.00%,,,3176,100.00%
3886,100.00%,,,3179,100.00%
3905,100.00%,,,3198,100.00%
3907,100.00%,,,3201,100.00%
3913,100.00%,,,3204,100.00%
3914,100.00%,,,3207,100.00%
3916,100.00%,,,3209,100.00%
3918,100.00%,,,3211,100.00%
3929,100.00%,,,3214,100.00%
3973,100.00%,,,3220,100.00%
3994,100.00%,,,3231,100.00%
4003,100.00%,,,3239,100.00%
4004,100.00%,,,3241,100.00%
4005,100.00%,,,3244,100.00%
4006,100.00%,,,3245,100.00%
4007,100.00%,,,3256,100.00%
4008,100.00%,,,3259,100.00%
4009,100.00%,,,3268,100.00%
4010,100.00%,,,3271,100.00%
4012,100.00%,,,3276,100.00%
4013,100.00%,,,3280,100.00%
4014,100.00%,,,3285,100.00%
4015,100.00%,,,3297,100.00%
4016,100.00%,,,3298,100.00%
4017,100.00%,,,3299,100.00%
4018,100.00%,,,3301,100.00%
4019,100.00%,,,3308,100.00%
4020,100.00%,,,3309,100.00%
4021,100.00%,,,3311,100.00%
4022,100.00%,,,3315,100.00%
4023,100.00%,,,3325,100.00%
4024,100.00%,,,3332,100.00%
4025,100.00%,,,3345,100.00%
4026,100.00%,,,3351,100.00%
4027,100.00%,,,3355,100.00%
4028,100.00%,,,3357,100.00%
4029,100.00%,,,3362,100.00%
4030,100.00%,,,3371,100.00%
4031,100.00%,,,3376,100.00%
4032,100.00%,,,3381,100.00%
4033,100.00%,,,3388,100.00%
4034,100.00%,,,3400,100.00%
4035,100.00%,,,3401,100.00%
4036,100.00%,,,3404,100.00%
4037,100.00%,,,3405,100.00%
4038,100.00%,,,3406,100.00%
4039,100.00%,,,3413,100.00%
4040,100.00%,,,3420,100.00%
4041,100.00%,,,3443,100.00%
4042,100.00%,,,3448,100.00%
4043,100.00%,,,3453,100.00%
4044,100.00%,,,3457,100.00%
4045,100.00%,,,3458,100.00%
4047,100.00%,,,3461,100.00%
4048,100.00%,,,3468,100.00%
4049,100.00%,,,3480,100.00%
4050,100.00%,,,3481,100.00%
4051,100.00%,,,3482,100.00%
4052,100.00%,,,3491,100.00%
4053,100.00%,,,3493,100.00%
4055,100.00%,,,3498,100.00%
4056,100.00%,,,3499,100.00%
4057,100.00%,,,3503,100.00%
4058,100.00%,,,3505,100.00%
4059,100.00%,,,3506,100.00%
4060,100.00%,,,3509,100.00%
4061,100.00%,,,3512,100.00%
4062,100.00%,,,3520,100.00%
4063,100.00%,,,3533,100.00%
4066,100.00%,,,3560,100.00%
4080,100.00%,,,3566,100.00%
4088,100.00%,,,3568,100.00%
4090,100.00%,,,3572,100.00%
4093,100.00%,,,3593,100.00%
4094,100.00%,,,3597,100.00%
4098,100.00%,,,3598,100.00%
4102,100.00%,,,3603,100.00%
4106,100.00%,,,3608,100.00%
4108,100.00%,,,3613,100.00%
4111,100.00%,,,3616,100.00%
4118,100.00%,,,3623,100.00%
4127,100.00%,,,3624,100.00%
4131,100.00%,,,3669,100.00%
4158,100.00%,,,3702,100.00%
4159,100.00%,,,3704,100.00%
4169,100.00%,,,3764,100.00%
4189,100.00%,,,3768,100.00%
4196,100.00%,,,3774,100.00%
4197,100.00%,,,3777,100.00%
4201,100.00%,,,3779,100.00%
4254,100.00%,,,3781,100.00%
4258,100.00%,,,3789,100.00%
4261,100.00%,,,3800,100.00%
4279,100.00%,,,3805,100.00%
4293,100.00%,,,3821,100.00%
4311,100.00%,,,3834,100.00%
4379,100.00%,,,3842,100.00%
4390,100.00%,,,3843,100.00%
4391,100.00%,,,3845,100.00%
4411,100.00%,,,3846,100.00%
4416,100.00%,,,3861,100.00%
4428,100.00%,,,3879,100.00%
4431,100.00%,,,3883,100.00%
4452,100.00%,,,3885,100.00%
4455,100.00%,,,3886,100.00%
4519,100.00%,,,3887,100.00%
4563,100.00%,,,3888,100.00%
4564,100.00%,,,3901,100.00%
4565,100.00%,,,3907,100.00%
4579,100.00%,,,3913,100.00%
4582,100.00%,,,3915,100.00%
4588,100.00%,,,3919,100.00%
4598,100.00%,,,3927,100.00%
4599,100.00%,,,3932,100.00%
4628,100.00%,,,3962,100.00%
4662,100.00%,,,3973,100.00%
4674,100.00%,,,3994,100.00%
4773,100.00%,,,4003,100.00%
4782,100.00%,,,4004,100.00%
4796,100.00%,,,4005,100.00%
4797,100.00%,,,4006,100.00%
4800,100.00%,,,4007,100.00%
4810,100.00%,,,4008,100.00%
4821,100.00%,,,4009,100.00%
4836,100.00%,,,4010,100.00%
4904,100.00%,,,4012,100.00%
4912,100.00%,,,4013,100.00%
4953,100.00%,,,4014,100.00%
5013,100.00%,,,4016,100.00%
5035,100.00%,,,4018,100.00%
5062,100.00%,,,4020,100.00%
5088,100.00%,,,4021,100.00%
5106,100.00%,,,4023,100.00%
5127,100.00%,,,4024,100.00%
5134,100.00%,,,4025,100.00%
5135,100.00%,,,4026,100.00%
5146,100.00%,,,4027,100.00%
5159,100.00%,,,4028,100.00%
5163,100.00%,,,4029,100.00%
5215,100.00%,,,4031,100.00%
5216,100.00%,,,4032,100.00%
5221,100.00%,,,4033,100.00%
5224,100.00%,,,4034,100.00%
5230,100.00%,,,4035,100.00%
5297,100.00%,,,4036,100.00%
5310,100.00%,,,4037,100.00%
5329,100.00%,,,4038,100.00%
5334,100.00%,,,4039,100.00%
5384,100.00%,,,4040,100.00%
5397,100.00%,,,4042,100.00%
5399,100.00%,,,4043,100.00%
5420,100.00%,,,4045,100.00%
5427,100.00%,,,4047,100.00%
5438,100.00%,,,4048,100.00%
5500,100.00%,,,4050,100.00%
5533,100.00%,,,4051,100.00%
5534,100.00%,,,4052,100.00%
5537,100.00%,,,4053,100.00%
5563,100.00%,,,4063,100.00%
5565,100.00%,,,4068,100.00%
5638,100.00%,,,4081,100.00%
5654,100.00%,,,4089,100.00%
5658,100.00%,,,4090,100.00%
5677,100.00%,,,4093,100.00%
5678,100.00%,,,4095,100.00%
5682,100.00%,,,4097,100.00%
5683,100.00%,,,4098,100.00%
5733,100.00%,,,4099,100.00%
5764,100.00%,,,4103,100.00%
5768,100.00%,,,4107,100.00%
5783,100.00%,,,4108,100.00%
5797,100.00%,,,4112,100.00%
5845,100.00%,,,4118,100.00%
5847,100.00%,,,4119,100.00%
5870,100.00%,,,4128,100.00%
5933,100.00%,,,4129,100.00%
5945,100.00%,,,4132,100.00%
5951,100.00%,,,4158,100.00%
6032,100.00%,,,4159,100.00%
6070,100.00%,,,4170,100.00%
6072,100.00%,,,4172,100.00%
6082,100.00%,,,4190,100.00%
6092,100.00%,,,4196,100.00%
6103,100.00%,,,4197,100.00%
6113,100.00%,,,4201,100.00%
6154,100.00%,,,4254,100.00%
6155,100.00%,,,4255,100.00%
6169,100.00%,,,4259,100.00%
6171,100.00%,,,4261,100.00%
6173,100.00%,,,4279,100.00%
6187,100.00%,,,4304,100.00%
6236,100.00%,,,4311,100.00%
6291,100.00%,,,4358,100.00%
6299,100.00%,,,4379,100.00%
6322,100.00%,,,4390,100.00%
6329,100.00%,,,4391,100.00%
6377,100.00%,,,4411,100.00%
6432,100.00%,,,4416,100.00%
6511,100.00%,,,4428,100.00%
6586,100.00%,,,4435,100.00%
6597,100.00%,,,4441,100.00%
6625,100.00%,,,4452,100.00%
6670,100.00%,,,4455,100.00%
6678,100.00%,,,4563,100.00%
6690,100.00%,,,4565,100.00%
6704,100.00%,,,4566,100.00%
6718,100.00%,,,4579,100.00%
6789,100.00%,,,4588,100.00%
6830,100.00%,,,4598,100.00%
6908,100.00%,,,4600,100.00%
6983,100.00%,,,4628,100.00%
7155,100.00%,,,4662,100.00%
7204,100.00%,,,4674,100.00%
7468,100.00%,,,4691,100.00%
7527,100.00%,,,4718,100.00%
7580,100.00%,,,4732,100.00%
7851,100.00%,,,4782,100.00%
7916,100.00%,,,4796,100.00%
8114,100.00%,,,4799,100.00%
8136,100.00%,,,4805,100.00%
8180,100.00%,,,4810,100.00%
8282,100.00%,,,4822,100.00%
8345,100.00%,,,4836,100.00%
8402,100.00%,,,4839,100.00%
8431,100.00%,,,4904,100.00%
8552,100.00%,,,4912,100.00%
8833,100.00%,,,4941,100.00%
8942,100.00%,,,4953,100.00%
8954,100.00%,,,5015,100.00%
9053,100.00%,,,5034,100.00%
9077,100.00%,,,5035,100.00%
9184,100.00%,,,5036,100.00%
9190,100.00%,,,5038,100.00%
9425,100.00%,,,5039,100.00%
9573,100.00%,,,5040,100.00%
9814,100.00%,,,5042,100.00%
9959,100.00%,,,5043,100.00%
10024,100.00%,,,5044,100.00%
10045,100.00%,,,5045,100.00%
10046,100.00%,,,5046,100.00%
10047,100.00%,,,5047,100.00%
10049,100.00%,,,5048,100.00%
10050,100.00%,,,5049,100.00%
10051,100.00%,,,5050,100.00%
10052,100.00%,,,5051,100.00%
10054,100.00%,,,5052,100.00%
10055,100.00%,,,5053,100.00%
10859,100.00%,,,5054,100.00%
10983,100.00%,,,5058,100.00%
10984,100.00%,,,5060,100.00%
10985,100.00%,,,5062,100.00%
11023,100.00%,,,5063,100.00%
11043,100.00%,,,5064,100.00%
11052,100.00%,,,5065,100.00%
11095,100.00%,,,5066,100.00%
11097,100.00%,,,5067,100.00%
11105,100.00%,,,5068,100.00%
11107,100.00%,,,5070,100.00%
11131,100.00%,,,5072,100.00%
11152,100.00%,,,5074,100.00%
11228,100.00%,,,5075,100.00%
11386,100.00%,,,5076,100.00%
11407,100.00%,,,5077,100.00%
11811,100.00%,,,5078,100.00%
12363,100.00%,,,5079,100.00%
13047,100.00%,,,5080,100.00%
13116,100.00%,,,5081,100.00%
13394,100.00%,,,5082,100.00%
13414,100.00%,,,5083,100.00%
13415,100.00%,,,5084,100.00%
13571,100.00%,,,5085,100.00%
13572,100.00%,,,5086,100.00%
13617,100.00%,,,5087,100.00%
13763,100.00%,,,5088,100.00%
13774,100.00%,,,5089,100.00%
13778,100.00%,,,5090,100.00%
13779,100.00%,,,5092,100.00%
13780,100.00%,,,5094,100.00%
13781,100.00%,,,5106,100.00%
13782,100.00%,,,5128,100.00%
13819,100.00%,,,5134,100.00%
13898,100.00%,,,5135,100.00%
13917,100.00%,,,5146,100.00%
13918,100.00%,,,5216,100.00%
13986,100.00%,,,5224,100.00%
13987,100.00%,,,5230,100.00%
13988,100.00%,,,5274,100.00%
13996,100.00%,,,5278,100.00%
13997,100.00%,,,5310,100.00%
13998,100.00%,,,5329,100.00%
14011,100.00%,,,5333,100.00%
14012,100.00%,,,5334,100.00%
14013,100.00%,,,5347,100.00%
14251,100.00%,,,5384,100.00%
14399,100.00%,,,5398,100.00%
14788,100.00%,,,5399,100.00%
16137,100.00%,,,5403,100.00%
16352,100.00%,,,5420,100.00%
17139,100.00%,,,5427,100.00%
17197,100.00%,,,5500,100.00%
17212,100.00%,,,5536,100.00%
17228,100.00%,,,5537,100.00%
17235,100.00%,,,5563,100.00%
17261,100.00%,,,5567,100.00%
17269,100.00%,,,5581,100.00%
17273,100.00%,,,5583,100.00%
17342,100.00%,,,5584,100.00%
17352,100.00%,,,5585,100.00%
17372,100.00%,,,5586,100.00%
17411,100.00%,,,5587,100.00%
18486,100.00%,,,5588,100.00%
18672,100.00%,,,5590,100.00%
27415,100.00%,,,5591,100.00%
28966,100.00%,,,5592,100.00%
35385,100.00%,,,5593,100.00%
,,,,5594,100.00%
,,,,5595,100.00%
,,,,5598,100.00%
,,,,5599,100.00%
,,,,5600,100.00%
,,,,5601,100.00%
,,,,5602,100.00%
,,,,5604,100.00%
,,,,5605,100.00%
,,,,5606,100.00%
,,,,5607,100.00%
,,,,5608,100.00%
,,,,5609,100.00%
,,,,5610,100.00%
,,,,5614,100.00%
,,,,5616,100.00%
,,,,5618,100.00%
,,,,5620,100.00%
,,,,5623,100.00%
,,,,5624,100.00%
,,,,5625,100.00%
,,,,5626,100.00%
,,,,5628,100.00%
,,,,5629,100.00%
,,,,5630,100.00%
,,,,5631,100.00%
,,,,5632,100.00%
,,,,5635,100.00%
,,,,5638,100.00%
,,,,5639,100.00%
,,,,5640,100.00%
,,,,5642,100.00%
,,,,5643,100.00%
,,,,5644,100.00%
,,,,5645,100.00%
,,,,5646,100.00%
,,,,5647,100.00%
,,,,5648,100.00%
,,,,5650,100.00%
,,,,5652,100.00%
,,,,5653,100.00%
,,,,5654,100.00%
,,,,5655,100.00%
,,,,5656,100.00%
,,,,5657,100.00%
,,,,5658,100.00%
,,,,5677,100.00%
,,,,5679,100.00%
,,,,5682,100.00%
,,,,5684,100.00%
,,,,5690,100.00%
,,,,5733,100.00%
,,,,5740,100.00%
,,,,5750,100.00%
,,,,5755,100.00%
,,,,5760,100.00%
,,,,5764,100.00%
,,,,5769,100.00%
,,,,5783,100.00%
,,,,5797,100.00%
,,,,5838,100.00%
,,,,5845,100.00%
,,,,5847,100.00%
,,,,5870,100.00%
,,,,5899,100.00%
,,,,5919,100.00%
,,,,5923,100.00%
,,,,5933,100.00%
,,,,5947,100.00%
,,,,5951,100.00%
,,,,6032,100.00%
,,,,6072,100.00%
,,,,6082,100.00%
,,,,6092,100.00%
,,,,6105,100.00%
,,,,6113,100.00%
,,,,6155,100.00%
,,,,6169,100.00%
,,,,6175,100.00%
,,,,6189,100.00%
,,,,6237,100.00%
,,,,6292,100.00%
,,,,6299,100.00%
,,,,6322,100.00%
,,,,6329,100.00%
,,,,6357,100.00%
,,,,6377,100.00%
,,,,6389,100.00%
,,,,6432,100.00%
,,,,6511,100.00%
,,,,6518,100.00%
,,,,6597,100.00%
,,,,6670,100.00%
,,,,6678,100.00%
,,,,6690,100.00%
,,,,6704,100.00%
,,,,6706,100.00%
,,,,6718,100.00%
,,,,6765,100.00%
,,,,6785,100.00%
,,,,6790,100.00%
,,,,6793,100.00%
,,,,6797,100.00%
,,,,6801,100.00%
,,,,6846,100.00%
,,,,6848,100.00%
,,,,6909,100.00%
,,,,6983,100.00%
,,,,7144,100.00%
,,,,7145,100.00%
,,,,7204,100.00%
,,,,7244,100.00%
,,,,7358,100.00%
,,,,7405,100.00%
,,,,7418,100.00%
,,,,7468,100.00%
,,,,7527,100.00%
,,,,7550,100.00%
,,,,7580,100.00%
,,,,7593,100.00%
,,,,7633,100.00%
,,,,7711,100.00%
,,,,7760,100.00%
,,,,7835,100.00%
,,,,7854,100.00%
,,,,7855,100.00%
,,,,8025,100.00%
,,,,8026,100.00%
,,,,8027,100.00%
,,,,8028,100.00%
,,,,8030,100.00%
,,,,8031,100.00%
,,,,8032,100.00%
,,,,8033,100.00%
,,,,8034,100.00%
,,,,8035,100.00%
,,,,8036,100.00%
,,,,8038,100.00%
,,,,8039,100.00%
,,,,8040,100.00%
,,,,8042,100.00%
,,,,8044,100.00%
,,,,8046,100.00%
,,,,8048,100.00%
,,,,8052,100.00%
,,,,8053,100.00%
,,,,8054,100.00%
,,,,8056,100.00%
,,,,8058,100.00%
,,,,8060,100.00%
,,,,8062,100.00%
,,,,8064,100.00%
,,,,8067,100.00%
,,,,8068,100.00%
,,,,8069,100.00%
,,,,8070,100.00%
,,,,8071,100.00%
,,,,8074,100.00%
,,,,8076,100.00%
,,,,8081,100.00%
,,,,8082,100.00%
,,,,8084,100.00%
,,,,8085,100.00%
,,,,8086,100.00%
,,,,8088,100.00%
,,,,8090,100.00%
,,,,8093,100.00%
,,,,8094,100.00%
,,,,8095,100.00%
,,,,8097,100.00%
,,,,8098,100.00%
,,,,8099,100.00%
,,,,8102,100.00%
,,,,8104,100.00%
,,,,8106,100.00%
,,,,8110,100.00%
,,,,8112,100.00%
,,,,8114,100.00%
,,,,8115,100.00%
,,,,8116,100.00%
,,,,8118,100.00%
,,,,8119,100.00%
,,,,8120,100.00%
,,,,8122,100.00%
,,,,8123,100.00%
,,,,8124,100.00%
,,,,8137,100.00%
,,,,8180,100.00%
,,,,8329,100.00%
,,,,8345,100.00%
,,,,8487,100.00%
,,,,8552,100.00%
,,,,8580,100.00%
,,,,8834,100.00%
,,,,8954,100.00%
,,,,9036,100.00%
,,,,9191,100.00%
,,,,9456,100.00%
,,,,10026,100.00%
,,,,10054,100.00%
,,,,10331,100.00%
,,,,10348,100.00%
,,,,10465,100.00%
,,,,10479,100.00%
,,,,10832,100.00%
,,,,10860,100.00%
,,,,10895,100.00%
,,,,11036,100.00%
,,,,11408,100.00%
,,,,12323,100.00%
,,,,12378,100.00%
,,,,13048,100.00%
,,,,13090,100.00%
,,,,13117,100.00%
,,,,13240,100.00%
,,,,13296,100.00%
,,,,13369,100.00%
,,,,13617,100.00%
,,,,13721,100.00%
,,,,14310,100.00%
,,,,14399,100.00%
,,,,14445,100.00%
,,,,14788,100.00%
,,,,14848,100.00%
,,,,14871,100.00%
,,,,14872,100.00%
,,,,15029,100.00%
,,,,15030,100.00%
,,,,15221,100.00%
,,,,15233,100.00%
,,,,15237,100.00%
,,,,15238,100.00%
,,,,15239,100.00%
,,,,15240,100.00%
,,,,15241,100.00%
,,,,15290,100.00%
,,,,15391,100.00%
,,,,15410,100.00%
,,,,15411,100.00%
,,,,15479,100.00%
,,,,15480,100.00%
,,,,15481,100.00%
,,,,15489,100.00%
,,,,15490,100.00%
,,,,15491,100.00%
,,,,15504,100.00%
,,,,15505,100.00%
,,,,15506,100.00%
,,,,15877,100.00%
,,,,16223,100.00%
,,,,16228,100.00%
,,,,16681,100.00%
,,,,16830,100.00%
,,,,16877,100.00%
,,,,17140,100.00%
,,,,17198,100.00%
,,,,17213,100.00%
,,,,17229,100.00%
,,,,17236,100.00%
,,,,17262,100.00%
,,,,17270,100.00%
,,,,17274,100.00%
,,,,17343,100.00%
,,,,17353,100.00%
,,,,17373,100.00%
,,,,17412,100.00%
,,,,18106,100.00%
,,,,18154,100.00%
,,,,18363,100.00%
,,,,18368,100.00%
,,,,18486,100.00%
,,,,18770,100.00%
,,,,18850,100.00%
,,,,18896,100.00%
,,,,19628,100.00%
,,,,19918,100.00%
,,,,20089,100.00%
,,,,20090,100.00%
,,,,20092,100.00%
,,,,20094,100.00%
,,,,20098,100.00%
,,,,20099,100.00%
,,,,20100,100.00%
,,,,20102,100.00%
,,,,20105,100.00%
,,,,20106,100.00%
,,,,20108,100.00%
,,,,20110,100.00%
,,,,21986,100.00%
,,,,21987,100.00%
,,,,21988,100.00%
,,,,21990,100.00%
,,,,22026,100.00%
,,,,22046,100.00%
,,,,22055,100.00%
,,,,22098,100.00%
,,,,22100,100.00%
,,,,22110,100.00%
,,,,22136,100.00%
,,,,22155,100.00%
,,,,22231,100.00%
,,,,22814,100.00%
,,,,23366,100.00%
,,,,25074,100.00%
,,,,27415,100.00%
,,,,28966,100.00%
,,,,32708,100.00%
,,,,35386,100.00%
