phase,instance,invocationID,startTime,requestedDuration,responseTime,actualDuration,actualMemoryUsage,memoryAllocationTimeout,connectionTimeout,functionTimeout
2,this is reply,min1.inv4,1686092331216637,101000,30855838,12180633,0,false,false,false
2,this is reply,min0.inv0,1686092228725240,99000,152219033,70880116,0,false,false,false
2,this is reply,min0.inv4,1686092283086846,100000,100487448,48213763,0,false,false,false
2,this is reply,min0.inv3,1686092266630381,99000,124192029,59481720,0,false,false,false
2,this is reply,min1.inv3,1686092314056317,99000,87280986,35711725,0,false,false,false
2,this is reply,min0.inv1,1686092252831697,99000,150343597,71637856,0,false,false,false
2,this is reply,min0.inv2,1686092259178577,99000,204165237,95330971,0,false,false,false
2,this is reply,min3.inv3,1686092453217363,100000,35157350,11961225,0,false,false,false
2,this is reply,min2.inv3,1686092402368409,100000,91210606,36073962,0,false,false,false
2,this is reply,min4.inv1,1686092473225200,99000,38912495,11861659,0,false,false,false
2,this is reply,min3.inv1,1686092422503027,99000,96519200,35940619,0,false,false,false
2,this is reply,min4.inv2,1686092481295814,99000,40137585,11898262,0,false,false,false
2,this is reply,min2.inv4,1686092405429835,100000,133241051,47992447,0,false,false,false
2,this is reply,min4.inv4,1686092516150257,100000,36529439,11978021,0,false,false,false
2,this is reply,min1.inv0,1686092288725332,101000,271803167,109780207,0,false,false,false
2,this is reply,min5.inv0,1686092528725966,99000,36511877,11960177,0,false,false,false
2,this is reply,min2.inv1,1686092383557349,99000,197478570,71673336,0,false,false,false
2,this is reply,min1.inv1,1686092301685545,99000,280699853,107027400,0,false,false,false
2,this is reply,min2.inv0,1686092348725409,101000,235118993,84524550,0,false,false,false
2,this is reply,min3.inv0,1686092408725827,101000,180105390,60628117,0,false,false,false
2,this is reply,min2.inv2,1686092391335113,101000,202200172,72895028,0,false,false,false
2,this is reply,min1.inv2,1686092312231565,99000,290398603,107246938,0,false,false,false
2,this is reply,min4.inv0,1686092468725947,101000,147014086,48529959,0,false,false,false
2,this is reply,min3.inv2,1686092424198156,99000,224675992,83533746,0,false,false,false
2,this is reply,min5.inv1,1686092529494043,99000,130339677,47595622,0,false,false,false
2,this is reply,min3.inv4,1686092463682278,99000,230663855,71341180,0,false,false,false
2,this is reply,min5.inv2,1686092562973950,100000,161868240,47891248,0,false,false,false
2,this is reply,min6.inv1,1686092590403383,99000,134684964,47941547,0,false,false,false
2,this is reply,min4.inv3,1686092497864164,101000,230922223,72948111,0,false,false,false
2,this is reply,min5.inv4,1686092585302915,99000,147234652,47752527,0,false,false,false
2,this is reply,min6.inv0,1686092588726329,100000,152255762,48442385,0,false,false,false
2,this is reply,min6.inv2,1686092593624633,101000,149353573,48402020,0,false,false,false
2,this is reply,min6.inv4,1686092637697076,99000,147577700,47664878,0,false,false,false
2,this is reply,min6.inv3,1686092622208054,99000,183525918,59773860,0,false,false,false
2,this is reply,min8.inv0,1686092708728697,100000,109207890,36227462,0,false,false,false
2,this is reply,min7.inv0,1686092648728523,100000,177297099,60120030,0,false,false,false
2,this is reply,min7.inv1,1686092664243575,99000,177437632,59487381,0,false,false,false
2,this is reply,min7.inv3,1686092670649271,99000,174437312,59590710,0,false,false,false
2,this is reply,min10.inv0,1686092828730613,100000,33698645,12099547,0,false,false,false
2,this is reply,min5.inv3,1686092568770297,99000,310562556,107517697,0,false,false,false
2,this is reply,min8.inv2,1686092715794560,101000,167780526,60902648,0,false,false,false
2,this is reply,min7.inv4,1686092684832809,99000,201057241,71666833,0,false,false,false
2,this is reply,min9.inv2,1686092810861858,100000,94526524,35962733,0,false,false,false
2,this is reply,min10.inv1,1686092845274077,99000,60604540,23455583,0,false,false,false
2,this is reply,min9.inv3,1686092823226692,101000,94856314,36348629,0,false,false,false
2,this is reply,min8.inv4,1686092767439584,99000,157297702,59434258,0,false,false,false
2,this is reply,min11.inv2,1686092909604794,101000,24362779,12223937,0,false,false,false
2,this is reply,min7.inv2,1686092665515179,99000,285530808,107284968,0,false,false,false
2,this is reply,min8.inv1,1686092714357562,100000,259788373,96906742,0,false,false,false
2,this is reply,min9.inv1,1686092794701359,100000,191984870,84120044,0,false,false,false
2,this is reply,min10.inv2,1686092861489491,99000,139652249,59834072,0,false,false,false
2,this is reply,min9.inv0,1686092768730372,99000,235142660,95219250,0,false,false,false
2,this is reply,min8.inv3,1686092765641072,99000,245490209,106866541,0,false,false,false
2,this is reply,min11.inv1,1686092909199516,99000,109326668,47721167,0,false,false,false
2,this is reply,min12.inv0,1686092948732245,99000,87350667,35676075,0,false,false,false
2,this is reply,min9.inv4,1686092825442330,99000,228746358,95500245,0,false,false,false
2,this is reply,min12.inv2,1686092986380202,99000,85899494,35482705,0,false,false,false
2,this is reply,min11.inv4,1686092933301535,101000,151720795,60848289,0,false,false,false
2,this is reply,min13.inv2,1686093024002277,99000,81539277,35845534,0,false,false,false
2,this is reply,min11.inv3,1686092925282626,100000,204850825,84126966,0,false,false,false
2,this is reply,min10.inv3,1686092879285070,99000,255093223,106848077,0,false,false,false
2,this is reply,min10.inv4,1686092885115509,99000,251026548,107236822,0,false,false,false
2,this is reply,min11.inv0,1686092888731323,99000,257210864,107021707,0,false,false,false
2,this is reply,min15.inv0,1686093128734057,99000,35433628,11911121,0,false,false,false
2,this is reply,min12.inv1,1686092958168957,99000,226067754,83199782,0,false,false,false
2,this is reply,min15.inv1,1686093130758541,99000,63475320,23909000,0,false,false,false
2,this is reply,min15.inv2,1686093134662265,100000,67564052,24202605,0,false,false,false
2,this is reply,min15.inv3,1686093157323880,99000,59022422,23885019,0,false,false,false
2,this is reply,min12.inv4,1686092994565763,99000,228376303,95321106,0,false,false,false
2,this is reply,min15.inv4,1686093170340477,99000,55849251,23866905,0,false,false,false
2,this is reply,min14.inv2,1686093102642513,99000,123991887,47793768,0,false,false,false
2,this is reply,min12.inv3,1686092990022317,99000,253164765,107392110,0,false,false,false
2,this is reply,min13.inv0,1686093008732912,101000,244212471,97534443,0,false,false,false
2,this is reply,min13.inv1,1686093016183298,99000,253398668,95313857,0,false,false,false
2,this is reply,min17.inv1,1686093252579221,99000,33192330,11862921,0,false,false,false
2,this is reply,min13.inv3,1686093046834298,99000,242999013,95311937,0,false,false,false
2,this is reply,min14.inv3,1686093106205347,99000,187330647,71630149,0,false,false,false
2,this is reply,min16.inv4,1686093235212215,101000,70131443,24265463,0,false,false,false
2,this is reply,min13.inv4,1686093053390258,101000,253579412,97178066,0,false,false,false
2,this is reply,min14.inv0,1686093068733545,100000,249755016,96780260,0,false,false,false
2,this is reply,min14.inv1,1686093079949070,101000,241701651,97864341,0,false,false,false
2,this is reply,min16.inv0,1686093188734718,100000,148395535,59944589,0,false,false,false
2,this is reply,min14.inv4,1686093117812478,99000,219335756,83175864,0,false,false,false
2,this is reply,min17.inv0,1686093248734797,99000,92096958,35680495,0,false,false,false
2,this is reply,min16.inv1,1686093199977528,100000,158463400,60332600,0,false,false,false
2,this is reply,min18.inv2,1686093335466700,101000,72307914,24503199,0,false,false,false
2,this is reply,min17.inv3,1686093283805569,100000,137084437,48430455,0,false,false,false
2,this is reply,min16.inv3,1686093230670350,99000,211055617,71502213,0,false,false,false
2,this is reply,min19.inv0,1686093368737037,100000,73039091,24152525,0,false,false,false
2,this is reply,min17.inv2,1686093260186809,99000,184306400,59327003,0,false,false,false
2,this is reply,min18.inv0,1686093308734826,100000,145812369,48400705,0,false,false,false
2,this is reply,min19.inv4,1686093425664613,99000,44417544,11953793,0,false,false,false
2,this is reply,min20.inv0,1686093428736023,99000,44601841,11803397,0,false,false,false
2,this is reply,min19.inv2,1686093374915942,100000,112381279,35970496,0,false,false,false
2,this is reply,min18.inv1,1686093320480332,99000,178396539,59765457,0,false,false,false
2,this is reply,min20.inv4,1686093483281112,99000,28007493,11870399,0,false,false,false
2,this is reply,min16.inv2,1686093215669101,99000,298904486,107066131,0,false,false,false
2,this is reply,min20.inv1,1686093441301400,101000,94067848,36402653,0,false,false,false
2,this is reply,min17.inv4,1686093300731518,99000,249312727,83771307,0,false,false,false
2,this is reply,min20.inv3,1686093479261891,99000,95228470,35845810,0,false,false,false
2,this is reply,min20.inv2,1686093466986959,99000,124954974,47822490,0,false,false,false
2,this is reply,min18.inv3,1686093341751204,99000,263940886,83424024,0,false,false,false
2,this is reply,min21.inv1,1686093505763035,99000,113725109,35955261,0,false,false,false
2,this is reply,min19.inv3,1686093412509463,99000,228783607,71415012,0,false,false,false
2,this is reply,min19.inv1,1686093374836263,99000,269490033,83669590,0,false,false,false
2,this is reply,min18.inv4,1686093365720757,101000,301407755,97856666,0,false,false,false
2,this is reply,min22.inv0,1686093548736634,99000,134206757,35576056,0,false,false,false
2,this is reply,min22.inv1,1686093553593045,100000,135793852,36287509,0,false,false,false
2,this is reply,min21.inv0,1686093488736267,99000,204746043,59703940,0,false,false,false
2,this is reply,min22.inv3,1686093604347199,99000,90539031,23908432,0,false,false,false
2,this is reply,min23.inv2,1686093631467626,99000,87658622,23776864,0,false,false,false
2,this is reply,min24.inv2,1686093681005196,101000,47170276,12159160,0,false,false,false
2,this is reply,min22.inv4,1686093604361973,100000,128821116,36178592,0,false,false,false
2,this is reply,min21.inv4,1686093546002798,101000,224374583,60941086,0,false,false,false
2,this is reply,min24.inv0,1686093668737436,100000,128092737,36080032,0,false,false,false
2,this is reply,min24.inv3,1686093683602848,101000,130441170,36539410,0,false,false,false
2,this is reply,min23.inv4,1686093658732303,99000,177453525,47659363,0,false,false,false
2,this is reply,min21.inv2,1686093532894087,99000,306280966,83520502,0,false,false,false
2,this is reply,min23.inv1,1686093627038590,99000,224698819,59470878,0,false,false,false
2,this is reply,min24.inv1,1686093674326650,100000,182803318,48126736,0,false,false,false
2,this is reply,min25.inv1,1686093749937619,101000,143403440,36262136,0,false,false,false
2,this is reply,min26.inv1,1686093808242057,100000,89302384,23962639,0,false,false,false
2,this is reply,min21.inv3,1686093544566926,101000,363074418,97855800,0,false,false,false
2,this is reply,min22.inv2,1686093593122598,99000,316618966,83602251,0,false,false,false
2,this is reply,min25.inv3,1686093755615632,99000,190931350,47620387,0,false,false,false
2,this is reply,min27.inv2,1686093893427436,100000,106703850,24055185,0,false,false,false
2,this is reply,min25.inv2,1686093752257277,101000,258727227,60708425,0,false,false,false
2,this is reply,min25.inv4,1686093758393332,99000,256536979,59276404,0,false,false,false
2,this is reply,min23.inv3,1686093634831071,99000,390414195,95534363,0,false,false,false
2,this is reply,min28.inv4,1686093966433545,100000,59045452,12201104,0,false,false,false
2,this is reply,min23.inv0,1686093608737400,99000,427807127,107412657,0,false,false,false
2,this is reply,min26.inv3,1686093829695977,99000,213686235,47670800,0,false,false,false
2,this is reply,min26.inv0,1686093788738378,100000,264192296,59886760,0,false,false,false
2,this is reply,min26.inv4,1686093843339659,99000,223729047,47647635,0,false,false,false
2,this is reply,min30.inv0,1686094028741259,101000,47398329,12061045,0,false,false,false
2,this is reply,min28.inv0,1686093908739566,99000,169144671,35410901,0,false,false,false
2,this is reply,min25.inv0,1686093728737933,101000,353804133,84992838,0,false,false,false
2,this is reply,min29.inv3,1686094003721320,99000,94459167,23956585,0,false,false,false
2,this is reply,min27.inv1,1686093860740447,100000,243538575,59987321,0,false,false,false
2,this is reply,min24.inv4,1686093685029021,99000,426912282,107435736,0,false,false,false
2,this is reply,min30.inv3,1686094056914318,99000,78014055,23717990,0,false,false,false
2,this is reply,min27.inv0,1686093848738922,100000,287490922,72577757,0,false,false,false
2,this is reply,min26.inv2,1686093822714211,100000,323571709,84448831,0,false,false,false
2,this is reply,min29.inv4,1686094022968328,100000,125609312,36109287,0,false,false,false
2,this is reply,min29.inv0,1686093968740458,99000,183280887,47492011,0,false,false,false
2,this is reply,min30.inv4,1686094088422138,99000,72212589,23966628,0,false,false,false
2,this is reply,min31.inv2,1686094107188607,101000,67795041,24346705,0,false,false,false
2,this is reply,min27.inv3,1686093904833796,99000,275048531,71777222,0,false,false,false
2,this is reply,min31.inv3,1686094124246676,101000,60840439,24135865,0,false,false,false
2,this is reply,min30.inv1,1686094036321152,101000,171516921,60634952,0,false,false,false
2,this is reply,min31.inv1,1686094096222149,100000,127553100,48269735,0,false,false,false
2,this is reply,min31.inv4,1686094135039785,101000,90634567,36539494,0,false,false,false
2,this is reply,min27.inv4,1686093908674067,99000,335464976,94696106,0,false,false,false
2,this is reply,min33.inv2,1686094223316795,99000,43173248,12001807,0,false,false,false
2,this is reply,min28.inv3,1686093959609364,99000,310323559,95418279,0,false,false,false
2,this is reply,min32.inv1,1686094165766197,101000,106018770,36872020,0,false,false,false
2,this is reply,min31.inv0,1686094088742260,100000,194696251,60264215,0,false,false,false
2,this is reply,min29.inv1,1686093982413429,101000,317466101,97411088,0,false,false,false
2,this is reply,min33.inv1,1686094217243065,99000,89034151,23884320,0,false,false,false
2,this is reply,min32.inv3,1686094185428573,99000,121140895,35980573,0,false,false,false
2,this is reply,min28.inv1,1686093920937976,99000,387898836,107458312,0,false,false,false
2,this is reply,min30.inv2,1686094044021416,101000,272207156,84534556,0,false,false,false
2,this is reply,min28.inv2,1686093957057470,100000,376672848,108550292,0,false,false,false
2,this is reply,min29.inv2,1686094000340814,99000,334631939,95281039,0,false,false,false
2,this is reply,min35.inv1,1686094348290718,99000,44339499,11885692,0,false,false,false
2,this is reply,min34.inv0,1686094268743602,101000,134488254,36497123,0,false,false,false
2,this is reply,min33.inv0,1686094208743261,99000,204187154,60003551,0,false,false,false
2,this is reply,min32.inv4,1686094194360754,100000,254372276,72446487,0,false,false,false
2,this is reply,min32.inv0,1686094148742505,101000,313495061,97098962,0,false,false,false
2,this is reply,min33.inv3,1686094238459030,99000,226021228,59502730,0,false,false,false
2,this is reply,min32.inv2,1686094170829038,100000,296205240,84055595,0,false,false,false
2,this is reply,min35.inv4,1686094381571393,99000,91177728,23795798,0,false,false,false
2,this is reply,min34.inv3,1686094306527165,101000,169103067,48528993,0,false,false,false
2,this is reply,min36.inv2,1686094439969638,99000,49704801,11856371,0,false,false,false
2,this is reply,min34.inv4,1686094319540311,101000,175703958,48747792,0,false,false,false
2,this is reply,min37.inv4,1686094477490282,101000,39945373,12162448,0,false,false,false
2,this is reply,min34.inv1,1686094281797714,100000,238092503,72458599,0,false,false,false
2,this is reply,min35.inv3,1686094360616234,99000,162951332,47506191,0,false,false,false
2,this is reply,min37.inv0,1686094448745505,101000,77196818,24642129,0,false,false,false
2,this is reply,min35.inv2,1686094350402558,101000,190330322,60821882,0,false,false,false
2,this is reply,min36.inv1,1686094438341240,100000,104935497,36178180,0,false,false,false
2,this is reply,min33.inv4,1686094250505291,99000,323585795,95178653,0,false,false,false
2,this is reply,min35.inv0,1686094328744409,99000,253630038,83351206,0,false,false,false
2,this is reply,min37.inv2,1686094465038958,100000,128439737,48313117,0,false,false,false
2,this is reply,min38.inv4,1686094567777595,100000,27152763,12141920,0,false,false,false
2,this is reply,min36.inv3,1686094442198504,99000,153739420,59631183,0,false,false,false
2,this is reply,min38.inv3,1686094554297756,101000,50443482,24081152,0,false,false,false
2,this is reply,min36.inv4,1686094447423585,100000,158258855,60214167,0,false,false,false
2,this is reply,min34.inv2,1686094282754203,99000,323079639,107639350,0,false,false,false
2,this is reply,min38.inv0,1686094508746115,99000,107646784,47795934,0,false,false,false
2,this is reply,min36.inv0,1686094388745171,99000,232546433,83107094,0,false,false,false
2,this is reply,min38.inv2,1686094535980268,99000,191463640,71744940,0,false,false,false
2,this is reply,min39.inv3,1686094597942419,101000,129588146,48236343,0,false,false,false
2,this is reply,min39.inv0,1686094568746559,99000,159033169,59519482,0,false,false,false
2,this is reply,min37.inv1,1686094460326618,99000,268065294,107165546,0,false,false,false
2,this is reply,min39.inv2,1686094592389359,99000,176048286,59703304,0,false,false,false
2,this is reply,min37.inv3,1686094470864387,101000,309972995,109971254,0,false,false,false
2,this is reply,min38.inv1,1686094529791471,99000,255899322,95700316,0,false,false,false
2,this is reply,min41.inv4,1686094739435931,101000,53609358,12405242,0,false,false,false
2,this is reply,min40.inv0,1686094628747561,99000,194934230,59506507,0,false,false,false
2,this is reply,min40.inv4,1686094668085027,100000,171743459,48123861,0,false,false,false
2,this is reply,min41.inv1,1686094702662095,101000,176373166,49059958,0,false,false,false
2,this is reply,min39.inv1,1686094588709444,100000,317519827,96111276,0,false,false,false
2,this is reply,min44.inv1,1686094886084013,101000,67840613,12235216,0,false,false,false
2,this is reply,min40.inv2,1686094641660413,101000,323223215,85520136,0,false,false,false
2,this is reply,min42.inv4,1686094807213384,100000,158076419,36145441,0,false,false,false
2,this is reply,min39.inv4,1686094604618661,101000,389263684,109787067,0,false,false,false
2,this is reply,min42.inv0,1686094748748820,100000,255122324,60076206,0,false,false,false
2,this is reply,min42.inv2,1686094802013882,99000,217129978,47516226,0,false,false,false
2,this is reply,min42.inv3,1686094804551751,99000,214936809,47886408,0,false,false,false
2,this is reply,min45.inv1,1686094944688582,99000,108334965,24098809,0,false,false,false
2,this is reply,min40.inv1,1686094638680260,99000,436053887,107755907,0,false,false,false
2,this is reply,min45.inv4,1686094980569828,99000,112873270,23822302,0,false,false,false
2,this is reply,min42.inv1,1686094783947432,101000,323137791,72991603,0,false,false,false
2,this is reply,min43.inv4,1686094865774867,101000,243403523,49032937,0,false,false,false
2,this is reply,min40.inv3,1686094654521577,100000,464154674,107835560,0,false,false,false
2,this is reply,min41.inv2,1686094720814285,99000,399268128,83461733,0,false,false,false
2,this is reply,min46.inv3,1686095019337322,101000,114745459,24513048,0,false,false,false
2,this is reply,min41.inv3,1686094739017239,99000,396774732,83467176,0,false,false,false
2,this is reply,min44.inv2,1686094891047961,101000,264892647,48722680,0,false,false,false
2,this is reply,min43.inv2,1686094852988757,100000,303989552,60177234,0,false,false,false
2,this is reply,min41.inv0,1686094688748398,99000,496736198,107187750,0,false,false,false
2,this is reply,min43.inv3,1686094859578310,99000,341014288,71360281,0,false,false,false
2,this is reply,min45.inv0,1686094928750459,101000,294384770,61334055,0,false,false,false
2,this is reply,min48.inv0,1686095108752489,99000,120481565,23897876,0,false,false,false
2,this is reply,min45.inv2,1686094958771932,101000,290206506,61338890,0,false,false,false
2,this is reply,min44.inv4,1686094912435797,101000,353551951,73189560,0,false,false,false
2,this is reply,min46.inv4,1686095025810279,101000,248825185,48722746,0,false,false,false
2,this is reply,min47.inv4,1686095088759331,99000,192025947,35549382,0,false,false,false
2,this is reply,min43.inv1,1686094815869266,99000,470616104,95138452,0,false,false,false
2,this is reply,min44.inv0,1686094868750241,99000,421424047,83639553,0,false,false,false
2,this is reply,min49.inv1,1686095174070245,99000,123308298,23620133,0,false,false,false
2,this is reply,min47.inv0,1686095048752176,99000,255126886,47908361,0,false,false,false
2,this is reply,min43.inv0,1686094808749522,101000,520235291,109047019,0,false,false,false
2,this is reply,min46.inv2,1686095017513757,100000,312673435,60142367,0,false,false,false
2,this is reply,min44.inv3,1686094891378217,99000,450562934,83890758,0,false,false,false
2,this is reply,min50.inv0,1686095228753625,100000,122125577,24010531,0,false,false,false
2,this is reply,min49.inv0,1686095168753102,99000,184270628,35691843,0,false,false,false
2,this is reply,min50.inv2,1686095232598618,99000,132875959,23694019,0,false,false,false
2,this is reply,min48.inv2,1686095141004728,99000,234073660,47717068,0,false,false,false
2,this is reply,min50.inv4,1686095262132324,99000,118445810,23871470,0,false,false,false
2,this is reply,min45.inv3,1686094977094252,99000,419856512,83378347,0,false,false,false
2,this is reply,min47.inv2,1686095059265777,99000,345664035,71662368,0,false,false,false
2,this is reply,min50.inv1,1686095230022001,101000,180317941,36608092,0,false,false,false
2,this is reply,min48.inv3,1686095143534119,100000,292348312,60497143,0,false,false,false
2,this is reply,min47.inv3,1686095064743031,99000,421532498,83046826,0,false,false,false
2,this is reply,min46.inv1,1686094993285751,99000,495303949,95025465,0,false,false,false
2,this is reply,min47.inv1,1686095057066958,101000,435664096,85344008,0,false,false,false
2,this is reply,min48.inv1,1686095125165344,99000,368813267,71323716,0,false,false,false
2,this is reply,min46.inv0,1686094988751129,101000,537087928,109029478,0,false,false,false
2,this is reply,min54.inv0,1686095468755622,100000,58529529,11966949,0,false,false,false
2,this is reply,min49.inv3,1686095202155527,99000,326026498,59505684,0,false,false,false
2,this is reply,min51.inv2,1686095316266767,99000,264867390,59340079,0,false,false,false
2,this is reply,min52.inv0,1686095348754404,99000,243682105,47648149,0,false,false,false
2,this is reply,min50.inv3,1686095251879606,100000,344050627,71872688,0,false,false,false
2,this is reply,min49.inv4,1686095227544651,101000,419798486,85227187,0,false,false,false
2,this is reply,min48.inv4,1686095159110638,99000,489520075,95625869,0,false,false,false
2,this is reply,min51.inv1,1686095315960231,100000,332929047,60221479,0,false,false,false
2,this is reply,min51.inv0,1686095288753912,99000,372494776,83105823,0,false,false,false
2,this is reply,min49.inv2,1686095198027239,99000,497354912,94948815,0,false,false,false
2,this is reply,min55.inv3,1686095577331249,99000,124090122,23792819,0,false,false,false
2,this is reply,min57.inv0,1686095648756934,100000,65175906,12153550,0,false,false,false
2,this is reply,min53.inv3,1686095450226258,99000,280899794,59529578,0,false,false,false
2,this is reply,min53.inv1,1686095425173101,99000,313511706,59804408,0,false,false,false
2,this is reply,min53.inv4,1686095455463225,101000,296415365,61065002,0,false,false,false
2,this is reply,min54.inv3,1686095517153874,99000,248526429,47737289,0,false,false,false
2,this is reply,min56.inv0,1686095588756599,100000,179629916,36143425,0,false,false,false
2,this is reply,min53.inv0,1686095408755552,99000,360288455,71544598,0,false,false,false
2,this is reply,min51.inv3,1686095319176629,99000,469955503,95302811,0,false,false,false
2,this is reply,min52.inv2,1686095366380622,101000,425300761,84970354,0,false,false,false
2,this is reply,min55.inv0,1686095528756129,99000,286983004,59428021,0,false,false,false
2,this is reply,min52.inv4,1686095396547014,99000,431989233,83546618,0,false,false,false
2,this is reply,min52.inv3,1686095368257913,100000,463468104,97044667,0,false,false,false
2,this is reply,min51.inv4,1686095345758290,100000,488324959,96118666,0,false,false,false
2,this is reply,min58.inv1,1686095716878564,101000,120852267,24491974,0,false,false,false
2,this is reply,min56.inv3,1686095639517683,100000,203412896,36075378,0,false,false,false
2,this is reply,min57.inv1,1686095651473130,101000,195060010,36945854,0,false,false,false
2,this is reply,min54.inv2,1686095502792166,101000,355788041,73241437,0,false,false,false
2,this is reply,min58.inv4,1686095766497794,100000,106289664,24089786,0,false,false,false
2,this is reply,min52.inv1,1686095352989767,101000,534089153,109836740,0,false,false,false
2,this is reply,min55.inv2,1686095550473162,99000,340165059,71061699,0,false,false,false
2,this is reply,min56.inv2,1686095627108465,100000,266027900,48238904,0,false,false,false
2,this is reply,min53.inv2,1686095443673083,99000,466161151,96063324,0,false,false,false
2,this is reply,min60.inv0,1686095828758304,99000,87333176,23763993,0,false,false,false
2,this is reply,min55.inv1,1686095536938990,99000,386030605,83559397,0,false,false,false
2,this is reply,min58.inv2,1686095720768203,99000,211958341,47501585,0,false,false,false
2,this is reply,min54.inv4,1686095524311633,99000,425357814,95330269,0,false,false,false
2,this is reply,min57.inv4,1686095678853190,99000,273288090,59344968,0,false,false,false
2,this is reply,min54.inv1,1686095495789532,99000,471040453,107126492,0,false,false,false
2,this is reply,min59.inv2,1686095798646341,99000,170687100,47527581,0,false,false,false
2,this is reply,min57.inv3,1686095669712509,99000,310819255,71536638,0,false,false,false
2,this is reply,min59.inv1,1686095770842471,99000,211043395,59774227,0,false,false,false
2,this is reply,min55.inv4,1686095580545498,101000,401799430,97749515,0,false,false,false
2,this is reply,min56.inv1,1686095613778306,99000,368962047,95225371,0,false,false,false
2,this is reply,min56.inv4,1686095647338197,99000,342798280,83425186,0,false,false,false
2,this is reply,min60.inv4,1686095885005018,101000,106564324,36640681,0,false,false,false
2,this is reply,min61.inv4,1686095941246854,100000,65227959,24165611,0,false,false,false
2,this is reply,min58.inv3,1686095735264447,101000,271317344,73066731,0,false,false,false
2,this is reply,min60.inv2,1686095862387122,99000,171152821,59965645,0,false,false,false
2,this is reply,min61.inv3,1686095937586245,99000,99647807,35754030,0,false,false,false
2,this is reply,min62.inv2,1686095972624530,101000,67354229,24384143,0,false,false,false
2,this is reply,min59.inv4,1686095812402810,100000,228323239,72413887,0,false,false,false
2,this is reply,min63.inv0,1686096008760755,99000,33475263,11918045,0,false,false,false
2,this is reply,min59.inv3,1686095808820663,101000,234520687,73444105,0,false,false,false
2,this is reply,min62.inv4,1686095985355866,100000,60921940,24241180,0,false,false,false
2,this is reply,min62.inv0,1686095948759856,99000,97732142,35787072,0,false,false,false
2,this is reply,min57.inv2,1686095661436910,100000,392694119,109013196,0,false,false,false
2,this is reply,min58.inv0,1686095708757259,99000,349623678,107609814,0,false,false,false
2,this is reply,min62.inv3,1686095976291500,99000,105753685,47575498,0,false,false,false
2,this is reply,min63.inv3,1686096041047013,99000,48227323,23741231,0,false,false,false
2,this is reply,min59.inv0,1686095768757345,99000,324967777,107762968,0,false,false,false
2,this is reply,min64.inv0,1686096068761819,99000,25418626,11951630,0,false,false,false
2,this is reply,min63.inv4,1686096051393347,100000,45642965,24186600,0,false,false,false
2,this is reply,min60.inv1,1686095852529655,101000,245013182,96963538,0,false,false,false
2,this is reply,min61.inv0,1686095888758757,101000,213575251,85222888,0,false,false,false
2,this is reply,min60.inv3,1686095865689259,99000,252189261,95233461,0,false,false,false
2,this is reply,min62.inv1,1686095970987566,99000,165602674,71323313,0,false,false,false
2,this is reply,min63.inv1,1686096012231853,101000,133292306,60663409,0,false,false,false
2,this is reply,min64.inv4,1686096104698370,99000,45928430,23756592,0,false,false,false
2,this is reply,min61.inv2,1686095931928555,101000,219810459,97575484,0,false,false,false
2,this is reply,min61.inv1,1686095904756811,101000,255679630,109309040,0,false,false,false
2,this is reply,min64.inv2,1686096098446903,100000,73396789,48003509,0,false,false,false
2,this is reply,min64.inv1,1686096092900526,100000,79287979,47813100,0,false,false,false
2,this is reply,min63.inv2,1686096019367174,101000,155672050,84378863,0,false,false,false
2,this is reply,min65.inv2,1686096165967306,101000,12466273,12204672,0,false,false,false
2,this is reply,min66.inv0,1686096188762967,101000,12419824,12149351,0,false,false,false
2,this is reply,min64.inv3,1686096103587433,99000,109292198,83325333,0,false,false,false
2,this is reply,min65.inv4,1686096185900835,99000,45275441,35454306,0,false,false,false
2,this is reply,min65.inv0,1686096128762177,101000,109935389,84250272,0,false,false,false
2,this is reply,min65.inv3,1686096177853645,101000,83976672,59898264,0,false,false,false
2,this is reply,min66.inv4,1686096246625275,101000,23623031,12154516,0,false,false,false
2,this is reply,min67.inv1,1686096250660473,99000,21066977,11945256,0,false,false,false
2,this is reply,min65.inv1,1686096162840247,99000,113841182,82542907,0,false,false,false
2,this is reply,min66.inv1,1686096202386341,99000,217993111,95381804,0,false,false,false
2,this is reply,min67.inv0,1686096248763999,99000,204823057,71653209,0,false,false,false
2,this is reply,min69.inv1,1686096369381262,99000,98654973,23774489,0,false,false,false
2,this is reply,min66.inv2,1686096229751242,100000,281430320,96034934,0,false,false,false
2,this is reply,min67.inv4,1686096291882397,99000,220697102,71455734,0,false,false,false
2,this is reply,min70.inv2,1686096469437311,101000,49552212,12299122,0,false,false,false
2,this is reply,min68.inv0,1686096308764556,99000,267067003,71669410,0,false,false,false
2,this is reply,min69.inv0,1686096368765083,101000,218317294,48583368,0,false,false,false
2,this is reply,min66.inv3,1686096244141084,101000,353782998,109482411,0,false,false,false
2,this is reply,min72.inv0,1686096548766507,99000,55758108,11797717,0,false,false,false
2,this is reply,min69.inv3,1686096405724333,101000,205466710,48483144,0,false,false,false
2,this is reply,min67.inv3,1686096275345067,99000,340796534,95372321,0,false,false,false
2,this is reply,min72.inv1,1686096564014477,99000,54660839,11695309,0,false,false,false
2,this is reply,min68.inv3,1686096367721069,101000,254515102,60751712,0,false,false,false
2,this is reply,min73.inv1,1686096609024277,101000,41607809,12212624,0,false,false,false
2,this is reply,min67.inv2,1686096274188697,100000,383848861,108124433,0,false,false,false
2,this is reply,min72.inv2,1686096585696611,99000,81089033,23855547,0,false,false,false
2,this is reply,min68.inv1,1686096324732790,101000,349455970,97159089,0,false,false,false
2,this is reply,min71.inv3,1686096527046148,101000,153183551,36661488,0,false,false,false
2,this is reply,min71.inv0,1686096488766419,101000,200112942,48556550,0,false,false,false
2,this is reply,min68.inv4,1686096367852469,99000,324834009,83225758,0,false,false,false
2,this is reply,min72.inv4,1686096607293148,99000,87590166,24218460,0,false,false,false
2,this is reply,min70.inv3,1686096474578105,101000,232892218,60613327,0,false,false,false
2,this is reply,min73.inv0,1686096608767089,101000,111882859,36324113,0,false,false,false
2,this is reply,min71.inv4,1686096527854212,99000,205029538,59874381,0,false,false,false
2,this is reply,min68.inv2,1686096366263478,99000,370766497,95465285,0,false,false,false
2,this is reply,min69.inv4,1686096409670574,99000,336015106,95334592,0,false,false,false
2,this is reply,min73.inv3,1686096630991412,101000,117530335,36489852,0,false,false,false
2,this is reply,min74.inv4,1686096715285257,99000,36405599,11933820,0,false,false,false
2,this is reply,min70.inv0,1686096428765638,99000,326624630,83012008,0,false,false,false
2,this is reply,min69.inv2,1686096402637316,100000,358694159,96205372,0,false,false,false
2,this is reply,min70.inv1,1686096446745329,99000,318284909,83467965,0,false,false,false
2,this is reply,min72.inv3,1686096596367483,101000,178763358,60671058,0,false,false,false
2,this is reply,min70.inv4,1686096486661387,100000,288515065,83822709,0,false,false,false
2,this is reply,min74.inv0,1686096668767514,99000,130223469,47383305,0,false,false,false
2,this is reply,min74.inv3,1686096698416964,100000,103761591,36108299,0,false,false,false
2,this is reply,min73.inv4,1686096665915513,99000,136729808,47650789,0,false,false,false
2,this is reply,min74.inv1,1686096673711130,101000,129056645,48942271,0,false,false,false
2,this is reply,min75.inv3,1686096774921206,99000,32612535,11921230,0,false,false,false
2,this is reply,min71.inv1,1686096501165529,100000,342560741,108292348,0,false,false,false
2,this is reply,min71.inv2,1686096516867457,99000,327611168,107651904,0,false,false,false
2,this is reply,min73.inv2,1686096622855383,99000,229416201,83196750,0,false,false,false
2,this is reply,min74.inv2,1686096675641265,99000,208030825,82822821,0,false,false,false
2,this is reply,min75.inv0,1686096728768180,100000,208711591,83880200,0,false,false,false
2,this is reply,min75.inv2,1686096753461504,100000,202717613,84356930,0,false,false,false
2,this is reply,min76.inv3,1686096842762445,99000,115678750,47374016,0,false,false,false
2,this is reply,min75.inv1,1686096752093818,99000,215982029,83745016,0,false,false,false
2,this is reply,min78.inv2,1686096927903141,99000,40173639,11950332,0,false,false,false
2,this is reply,min78.inv1,1686096915553308,100000,71233748,23732654,0,false,false,false
2,this is reply,min76.inv1,1686096790051014,99000,215193976,83126340,0,false,false,false
2,this is reply,min77.inv0,1686096848769704,100000,162160274,60552582,0,false,false,false
2,this is reply,min77.inv2,1686096875779700,99000,138690324,47704441,0,false,false,false
2,this is reply,min78.inv0,1686096908769813,99000,107918431,35699423,0,false,false,false
2,this is reply,min76.inv2,1686096796799157,99000,221846683,83362991,0,false,false,false
2,this is reply,min76.inv0,1686096788769004,100000,245605824,96176184,0,false,false,false
2,this is reply,min75.inv4,1686096786385176,99000,255055387,95233080,0,false,false,false
2,this is reply,min79.inv0,1686096968770608,100000,84475051,35835021,0,false,false,false
2,this is reply,min79.inv1,1686096974329256,99000,82409102,35729893,0,false,false,false
2,this is reply,min76.inv4,1686096848064203,99000,211021939,83288380,0,false,false,false
2,this is reply,min79.inv3,1686097017137243,99000,44147856,23827148,0,false,false,false
2,this is reply,min80.inv0,1686097028771532,100000,48118425,24021044,0,false,false,false
2,this is reply,min78.inv3,1686096940047819,99000,144631027,59593778,0,false,false,false
2,this is reply,min78.inv4,1686096941018519,101000,145329966,60249285,0,false,false,false
2,this is reply,min77.inv3,1686096876946336,99000,215426453,83218548,0,false,false,false
2,this is reply,min77.inv4,1686096894254298,101000,212979648,85182764,0,false,false,false
2,this is reply,min77.inv1,1686096864596109,99000,248079110,107743957,0,false,false,false
2,this is reply,min80.inv4,1686097087286931,99000,64185507,35565341,0,false,false,false
2,this is reply,min79.inv2,1686097002795638,100000,149788775,84199738,0,false,false,false
2,this is reply,min80.inv1,1686097047016076,99000,114829081,59591318,0,false,false,false
2,this is reply,min81.inv3,1686097123613617,99000,48626161,23556551,0,false,false,false
2,this is reply,min80.inv2,1686097052525252,99000,124114153,71268944,0,false,false,false
2,this is reply,min82.inv2,1686097165582982,99000,22596320,11875587,0,false,false,false
2,this is reply,min82.inv0,1686097148773744,99000,67717783,35814725,0,false,false,false
2,this is reply,min81.inv0,1686097088772651,99000,128222516,71433665,0,false,false,false
2,this is reply,min81.inv2,1686097115987574,99000,115246091,59729565,0,false,false,false
2,this is reply,min79.inv4,1686097024049517,100000,212439820,108267496,0,false,false,false
2,this is reply,min80.inv3,1686097063440331,101000,193683583,97307627,0,false,false,false
2,this is reply,min82.inv3,1686097191292429,99000,88597243,47524555,0,false,false,false
2,this is reply,min81.inv1,1686097102689276,100000,179754520,96735639,0,false,false,false
2,this is reply,min83.inv3,1686097227667496,99000,89666683,47685406,0,false,false,false
2,this is reply,min82.inv1,1686097149599178,100000,173785096,84527786,0,false,false,false
2,this is reply,min84.inv3,1686097309012682,99000,18575018,11720568,0,false,false,false
2,this is reply,min81.inv4,1686097127745071,99000,210345605,107244144,0,false,false,false
2,this is reply,min83.inv1,1686097221775984,99000,130964419,71280807,0,false,false,false
2,this is reply,min85.inv0,1686097328775867,99000,42350134,23823677,0,false,false,false
2,this is reply,min82.inv4,1686097207196693,99000,172587147,95596254,0,false,false,false
2,this is reply,min84.inv1,1686097274160108,99000,106813162,59474274,0,false,false,false
2,this is reply,min85.inv2,1686097343573880,99000,39006585,24014789,0,false,false,false
2,this is reply,min84.inv0,1686097268775100,100000,125703562,72549807,0,false,false,false
2,this is reply,min83.inv0,1686097208774816,99000,189168542,107414956,0,false,false,false
2,this is reply,min84.inv4,1686097326769953,100000,72215653,48096611,0,false,false,false
2,this is reply,min85.inv3,1686097371096908,99000,35427767,23921392,0,false,false,false
2,this is reply,min85.inv1,1686097331154286,99000,77868277,47985265,0,false,false,false
2,this is reply,min83.inv2,1686097224394399,99000,192086048,107106897,0,false,false,false
2,this is reply,min83.inv4,1686097253665546,101000,176580644,109769376,0,false,false,false
2,this is reply,min84.inv2,1686097283259723,99000,152922840,107040604,0,false,false,false
2,this is reply,min86.inv0,1686097388776536,101000,57716316,48402258,0,false,false,false
2,this is reply,min87.inv0,1686097448777487,101000,17099370,12310226,0,false,false,false
2,this is reply,min85.inv4,1686097381920453,99000,88868339,71131390,0,false,false,false
2,this is reply,min86.inv1,1686097395188484,101000,91194638,72135259,0,false,false,false
2,this is reply,min87.inv1,1686097457473933,100000,32559254,23838016,0,false,false,false
2,this is reply,min86.inv3,1686097420610381,100000,90622326,70895242,0,false,false,false
2,this is reply,min86.inv4,1686097422060350,99000,100213408,82890957,0,false,false,false
2,this is reply,min88.inv0,1686097508778238,99000,15711154,11925262,0,false,false,false
2,this is reply,min88.inv1,1686097518430317,99000,12407475,11815534,0,false,false,false
2,this is reply,min86.inv2,1686097404171640,100000,136796530,105487301,0,false,false,false
2,this is reply,min88.inv2,1686097527053728,100000,25581783,23693210,0,false,false,false
2,this is reply,min87.inv2,1686097482745100,99000,75286135,70771537,0,false,false,false
2,this is reply,min87.inv4,1686097500975688,99000,105869949,82185543,0,false,false,false
2,this is reply,min87.inv3,1686097493797223,99000,155947201,105361920,0,false,false,false
2,this is reply,min90.inv0,1686097628780068,100000,51061152,24164747,0,false,false,false
2,this is reply,min89.inv2,1686097613987481,100000,97947637,48106651,0,false,false,false
2,this is reply,min88.inv3,1686097558612839,99000,164513229,83308797,0,false,false,false
2,this is reply,min91.inv1,1686097691066851,99000,40164445,11948707,0,false,false,false
2,this is reply,min90.inv4,1686097680294719,99000,67292559,23937295,0,false,false,false
2,this is reply,min89.inv3,1686097623333695,99000,141645367,59536775,0,false,false,false
2,this is reply,min89.inv0,1686097568779231,101000,221357920,97508614,0,false,false,false
2,this is reply,min88.inv4,1686097561899175,101000,228925494,97619320,0,false,false,false
2,this is reply,min89.inv1,1686097590885420,99000,243587293,95322473,0,false,false,false
2,this is reply,min93.inv3,1686097843331512,99000,42948165,11854762,0,false,false,false
2,this is reply,min93.inv1,1686097818282603,101000,95998788,24153801,0,false,false,false
2,this is reply,min94.inv0,1686097868782811,101000,47843879,12117448,0,false,false,false
2,this is reply,min93.inv2,1686097824986781,99000,94494071,23821857,0,false,false,false
2,this is reply,min94.inv3,1686097896926335,99000,59018012,11950794,0,false,false,false
2,this is reply,min89.inv4,1686097624965212,99000,343672503,95926382,0,false,false,false
2,this is reply,min94.inv4,1686097926713596,101000,62522002,12051570,0,false,false,false
2,this is reply,min91.inv3,1686097708204572,100000,306441077,72615085,0,false,false,false
2,this is reply,min90.inv1,1686097651463462,99000,369822989,95934069,0,false,false,false
2,this is reply,min95.inv0,1686097928783731,101000,121446744,24486179,0,false,false,false
2,this is reply,min92.inv1,1686097752759606,99000,317069005,71554099,0,false,false,false
2,this is reply,min92.inv3,1686097795661378,99000,274630239,59576331,0,false,false,false
2,this is reply,min92.inv4,1686097802603214,99000,272233045,59402626,0,false,false,false
2,this is reply,min90.inv2,1686097658946909,99000,417133591,107430746,0,false,false,false
2,this is reply,min90.inv3,1686097663108479,99000,438059850,107209154,0,false,false,false
2,this is reply,min95.inv2,1686097943431744,100000,187806898,36085212,0,false,false,false
2,this is reply,min97.inv1,1686098074522535,99000,64456072,11920801,0,false,false,false
2,this is reply,min91.inv4,1686097743306055,99000,441483627,95475018,0,false,false,false
2,this is reply,min97.inv0,1686098048785268,99000,141051916,23987947,0,false,false,false
2,this is reply,min91.inv0,1686097688780907,99000,518856121,107254667,0,false,false,false
2,this is reply,min94.inv2,1686097882097013,100000,326737021,60131254,0,false,false,false
2,this is reply,min91.inv2,1686097707441829,101000,502040203,108694655,0,false,false,false
2,this is reply,min93.inv4,1686097856956279,101000,361413154,73250686,0,false,false,false
2,this is reply,min92.inv2,1686097776993283,100000,455542338,95830930,0,false,false,false
2,this is reply,min99.inv2,1686098178006884,99000,73732595,11866155,0,false,false,false
2,this is reply,min96.inv2,1686098015089430,99000,272655764,47753980,0,false,false,false
2,this is reply,min95.inv1,1686097937970143,101000,350403543,61042475,0,false,false,false
2,this is reply,min92.inv0,1686097748781783,101000,553140126,109407579,0,false,false,false
2,this is reply,min93.inv0,1686097808782325,99000,493651104,95469040,0,false,false,false
2,this is reply,min100.inv0,1686098228787618,99000,78261824,11885941,0,false,false,false
2,this is reply,min99.inv3,1686098184369963,100000,152375326,24184548,0,false,false,false
2,this is reply,min101.inv0,1686098288787772,100000,76003473,11976467,0,false,false,false
2,this is reply,min94.inv1,1686097870283674,100000,522706348,96137085,0,false,false,false
2,this is reply,min98.inv0,1686098108786340,101000,304854538,48734613,0,false,false,false
2,this is reply,min96.inv3,1686098017238511,99000,423998953,71724080,0,false,false,false
2,this is reply,min100.inv4,1686098268000709,101000,179075231,24214084,0,false,false,false
2,this is reply,min96.inv4,1686098047383184,99000,436703526,71825005,0,false,false,false
2,this is reply,min101.inv2,1686098307148842,99000,189137250,23909159,0,false,false,false
2,this is reply,min97.inv3,1686098087567207,101000,417011150,60835760,0,false,false,false
2,this is reply,min96.inv0,1686097988784650,101000,534205655,85507797,0,false,false,false
2,this is reply,min102.inv1,1686098349901744,99000,181878629,23822640,0,false,false,false
2,this is reply,min96.inv1,1686098009075583,99000,536114425,83765893,0,false,false,false
2,this is reply,min95.inv3,1686097945721973,99000,602016049,95256105,0,false,false,false
2,this is reply,min99.inv4,1686098216773205,101000,334357240,48928937,0,false,false,false
2,this is reply,min97.inv2,1686098078624067,99000,483805857,71660746,0,false,false,false
2,this is reply,min98.inv4,1686098157227880,101000,415042027,61020964,0,false,false,false
2,this is reply,min99.inv0,1686098168787125,100000,407236631,60369295,0,false,false,false
2,this is reply,min104.inv3,1686098501824248,99000,78858469,11987013,0,false,false,false
2,this is reply,min97.inv4,1686098093880763,101000,490658054,73774395,0,false,false,false
2,this is reply,min95.inv4,1686097967585169,99000,619495221,107116537,0,false,false,false
2,this is reply,min100.inv2,1686098262913108,99000,327762522,47594839,0,false,false,false
2,this is reply,min98.inv1,1686098112244616,99000,498989308,71204649,0,false,false,false
2,this is reply,min102.inv3,1686098374571400,99000,248605946,35395402,0,false,false,false
2,this is reply,min99.inv1,1686098174313396,99000,457123498,71822699,0,false,false,false
2,this is reply,min98.inv3,1686098154893662,99000,478599448,71876017,0,false,false,false
2,this is reply,min103.inv0,1686098408788240,99000,244708945,35644855,0,false,false,false
2,this is reply,min104.inv4,1686098522375737,101000,139867733,24614809,0,false,false,false
2,this is reply,min101.inv4,1686098347154633,99000,329230352,47539913,0,false,false,false
2,this is reply,min105.inv0,1686098528789190,99000,148998711,23838225,0,false,false,false
2,this is reply,min103.inv4,1686098443869382,101000,241214735,36454041,0,false,false,false
2,this is reply,min105.inv2,1686098558280780,100000,137764134,24071610,0,false,false,false
2,this is reply,min104.inv0,1686098468788873,101000,229741643,36261238,0,false,false,false
2,this is reply,min103.inv1,1686098410513677,101000,296474943,48698262,0,false,false,false
2,this is reply,min100.inv3,1686098267752886,101000,461331422,72514390,0,false,false,false
2,this is reply,min107.inv2,1686098663874349,99000,67697209,12139894,0,false,false,false
2,this is reply,min105.inv1,1686098540089263,100000,201696941,36057496,0,false,false,false
2,this is reply,min98.inv2,1686098147111266,99000,599262954,95307852,0,false,false,false
2,this is reply,min100.inv1,1686098235594947,101000,521395182,85184428,0,false,false,false
2,this is reply,min108.inv0,1686098708790983,101000,59843109,12389470,0,false,false,false
2,this is reply,min107.inv1,1686098654386780,99000,115747357,24087662,0,false,false,false
2,this is reply,min102.inv2,1686098355020428,99000,428467284,71700575,0,false,false,false
2,this is reply,min103.inv2,1686098429092878,99000,357841714,59334768,0,false,false,false
2,this is reply,min104.inv2,1686098498270319,99000,329004403,59859937,0,false,false,false
2,this is reply,min106.inv0,1686098588789747,100000,265451548,48170586,0,false,false,false
2,this is reply,min107.inv0,1686098648790565,101000,209090810,36157132,0,false,false,false
2,this is reply,min106.inv2,1686098610911506,99000,247032697,47526311,0,false,false,false
2,this is reply,min108.inv3,1686098750316796,99000,110011252,23876136,0,false,false,false
2,this is reply,min105.inv3,1686098585666983,101000,277066708,48264473,0,false,false,false
2,this is reply,min103.inv3,1686098435874681,100000,428963789,72182840,0,false,false,false
2,this is reply,min106.inv4,1686098624839538,99000,256098446,47686020,0,false,false,false
2,this is reply,min105.inv4,1686098585687623,99000,301087695,59636284,0,false,false,false
2,this is reply,min104.inv1,1686098475303821,99000,412166265,71421088,0,false,false,false
2,this is reply,min102.inv0,1686098348788177,99000,568384685,95684182,0,false,false,false
2,this is reply,min101.inv1,1686098295228764,99000,660511211,107130659,0,false,false,false
2,this is reply,min109.inv0,1686098768792097,99000,200837946,35938424,0,false,false,false
2,this is reply,min101.inv3,1686098332029576,100000,638708523,108487704,0,false,false,false
2,this is reply,min111.inv3,1686098928208748,99000,64035823,11910061,0,false,false,false
2,this is reply,min110.inv1,1686098836542556,99000,183000976,35906639,0,false,false,false
2,this is reply,min111.inv0,1686098888793366,100000,138778259,24096125,0,false,false,false
2,this is reply,min107.inv3,1686098664521294,99000,383862632,71264396,0,false,false,false
2,this is reply,min102.inv4,1686098389902063,99000,681767330,107729648,0,false,false,false
2,this is reply,min112.inv0,1686098948794154,99000,132781552,23757712,0,false,false,false
2,this is reply,min111.inv4,1686098946348282,101000,137580809,24348013,0,false,false,false
2,this is reply,min109.inv3,1686098802678874,99000,330994830,59355949,0,false,false,false
2,this is reply,min108.inv2,1686098747493669,99000,391483200,71660202,0,false,false,false
2,this is reply,min112.inv2,1686098961241228,101000,201339160,36862041,0,false,false,false
2,this is reply,min113.inv3,1686099055696712,101000,142191698,24122237,0,false,false,false
2,this is reply,min106.inv1,1686098590111224,99000,609322536,106968835,0,false,false,false
2,this is reply,min106.inv3,1686098611194694,99000,588639216,107372546,0,false,false,false
2,this is reply,min115.inv1,1686099132976612,99000,76196091,11927880,0,false,false,false
2,this is reply,min114.inv0,1686099068796301,100000,145084134,24009715,0,false,false,false
2,this is reply,min108.inv1,1686098720146701,99000,515495268,95191437,0,false,false,false
2,this is reply,min115.inv4,1686099165237992,100000,74488832,11963207,0,false,false,false
2,this is reply,min110.inv2,1686098845807591,99000,407337653,71514758,0,false,false,false
2,this is reply,min109.inv1,1686098773086656,99000,499555270,83507550,0,false,false,false
2,this is reply,min107.inv4,1686098682142806,99000,609746185,107158216,0,false,false,false
2,this is reply,min109.inv2,1686098789798397,99000,544943514,95016420,0,false,false,false
2,this is reply,min113.inv4,1686099067672264,101000,285171898,49047431,0,false,false,false
2,this is reply,min108.inv4,1686098765971945,100000,590906329,108787791,0,false,false,false
2,this is reply,min112.inv1,1686098959483786,100000,398748321,72426197,0,false,false,false
2,this is reply,min115.inv0,1686099128797030,101000,232736869,36534214,0,false,false,false
2,this is reply,min110.inv3,1686098856388565,99000,525297861,95141116,0,false,false,false
2,this is reply,min117.inv0,1686099248797555,101000,140193638,24396681,0,false,false,false
2,this is reply,min114.inv1,1686099080047856,100000,323978098,48109617,0,false,false,false
2,this is reply,min111.inv2,1686098919015234,99000,492667989,82974288,0,false,false,false
2,this is reply,min115.inv2,1686099134922769,99000,288769219,47362874,0,false,false,false
2,this is reply,min113.inv0,1686099008795247,99000,417045295,71746115,0,false,false,false
2,this is reply,min110.inv0,1686098828793053,99000,608386493,107466063,0,false,false,false
2,this is reply,min113.inv1,1686099018646867,100000,420035722,72014173,0,false,false,false
2,this is reply,min117.inv4,1686099303777365,99000,138400708,23922598,0,false,false,false
2,this is reply,min114.inv2,1686099082381425,100000,379393141,59912413,0,false,false,false
2,this is reply,min110.inv4,1686098879272748,100000,585966392,96332957,0,false,false,false
2,this is reply,min109.inv4,1686098818678842,101000,659195874,110095011,0,false,false,false
2,this is reply,min118.inv4,1686099345980865,99000,133845073,23886713,0,false,false,false
2,this is reply,min112.inv4,1686098991457153,101000,503034515,85738908,0,false,false,false
2,this is reply,min112.inv3,1686098973402390,99000,527140692,95271581,0,false,false,false
2,this is reply,min113.inv2,1686099039960303,99000,466879906,83464376,0,false,false,false
2,this is reply,min115.inv3,1686099164141952,100000,354032793,60183796,0,false,false,false
2,this is reply,min111.inv1,1686098917361559,101000,604629253,108832972,0,false,false,false
2,this is reply,min118.inv2,1686099337588576,100000,188789883,35949883,0,false,false,false
2,this is reply,min118.inv1,1686099323669920,99000,224358711,47731976,0,false,false,false
2,this is reply,min116.inv3,1686099223036479,99000,338508669,71320700,0,false,false,false
2,this is reply,min117.inv2,1686099274599719,100000,294030069,60438639,0,false,false,false
2,this is reply,min116.inv2,1686099214443546,101000,374328814,73200901,0,false,false,false
2,this is reply,min114.inv3,1686099102867696,100000,487305360,95973584,0,false,false,false
2,this is reply,min118.inv3,1686099344689038,99000,256834873,59572382,0,false,false,false
2,this is reply,min119.inv4,1686099424282482,101000,178846849,49190398,0,false,false,false
2,this is reply,min116.inv1,1686099202331681,99000,404608308,83886970,0,false,false,false
2,this is reply,min117.inv1,1686099269938789,100000,342841446,84112922,0,false,false,false
2,this is reply,min114.inv4,1686099113167725,99000,523711613,107222816,0,false,false,false
2,this is reply,min118.inv0,1686099308798473,99000,328935268,82874816,0,false,false,false
2,this is reply,min119.inv1,1686099407743550,101000,230887206,72925360,0,false,false,false
2,this is reply,min116.inv0,1686099188797376,100000,454636918,108363805,0,false,false,false
2,this is reply,min116.inv4,1686099247325755,99000,401804467,107618997,0,false,false,false
2,this is reply,min117.inv3,1686099303282058,100000,365592960,108302346,0,false,false,false
2,this is reply,min119.inv3,1686099417939138,101000,257197792,96387818,0,false,false,false
2,this is reply,min119.inv2,1686099413690988,101000,262932612,96383716,0,false,false,false
2,this is reply,min119.inv0,1686099368798797,100000,312025245,107350117,0,false,false,false
