HashOwner,HashApp,HashFunction,Average,Count,Minimum,Maximum,percentile_Average_0,percentile_Average_1,percentile_Average_25,percentile_Average_50,percentile_Average_75,percentile_Average_99,percentile_Average_100
98f3fe1d01789fc2d8ab1dc9cd9a31d51fcbf1936e36a47526280c95ec0cd944,3f9fb0df8cc1017c171a7f07afd0fd8ca810f9a6f422a0872c1d3c471eb080b6,1948876d67f73860a97e6a6f57dad339f21f0188ff3eff1bf6f3df7f37606e71,71,288,0.0,1458.0,0,0,0,0,1,1265,1458
0ac21ccbe99b64e51c4105383194f21b0059d08576db078c017529313b999bc1,251db6b2bc414aad2ec8eac970aa9b09bd6464cce3ada92caa59a16d3f99ee5e,63a0e5f057df6a21211ea88551917ff4e85fc5c169955042d865a45c73191c6f,327,288,62.0,3311.0,62,78,156,218,281,2107,3311
8ee590da13bc4e25d3f2b1546e4bbd680764c2dbd3b6a6be36ad1a4392384f51,b1ac4d2252692ed01d7d41130e2e151780ad9d2a64c12f6ed76dc1af1bdf3f0d,b53eaa89d8ca6ff14625931a5fa8422792459407705f9ed606355001100381d8,986,24,781.0,1638.0,781,781,859,953,1035,1638,1638
23585e5c9ad9d7de0016aee0cae0ef9339aa943e635a0d61af082dbfe4688c40,d3d3580600762aaf9834242fd64230a154daaa5a6fe3d2d2e9175e35eb55a204,b33ee682e625ae6613fe3f19977ac466fe4d31665d0fb56464de98fdb11e1365,959,62,284.0,4372.0,284,284,515,662,1273,2864,2864
ae1d872de9a0147582179103a2dff79abae82c97b955d64141b26c51ef3dfe26,b705f5f15adc7ea7eb126ffd52dbd8740d045cc5c51ec10f8053210bfe144699,ae6a959bddb2bd3410ddc58f61efc435847caff06a14764125a8ba3d696bef40,2245,153,187.0,11724.0,641,641,641,641,2984,9776,9776
9600d8ea0d18856a6f1fa5672306ef55afac8b5e32e956579ab0f1a8c347bf4b,7dfa1086895b9fac377300edbf89a8001a6a631329e126a4661f17f899dbd1c4,e453fff5ffe0cc9feebcace85d9bfb2a486c21e3c30a3feb9afa788f24abe25b,3387,5,31.0,5828.0,31,31,31,5483,5562,5828,5828
05adaa46797bfe5f970486cea2a55eda78fd8c4fbf1021b9956cf2a34af24dd2,abd34a56f9444d1b5e540d8721e3473777bb0e36ff95d2ee1e1f1da3b01e7a46,6036fc9c2124e4811749c8dd47e88a3466b0a91937bdb6ceba57eccea61278a7,167,10,125.0,216.0,125,125,149,160,199,212,212
1d8f49968255694029ff70bc55c8e05f814ae9c429f39220d0781120dc23158b,2122e1e4f9121ab7cf4b0860d6429a4c68d9d4ea8e2ab36036965c51bc0a6297,a5d33b46a81e47ea1a1d11902ab5b2ac8b7226ca42cbb1289c12399ac1b692df,0,1,0.0,0.0,0,0,0,0,0,0,0
69b740be626511ff3846701a11c44097a0d7163f0411238ddbb574dd5d87873b,9fdfb64b56eccc6aac47f68f429d6f0cdd34880329637873c08f9f7d4adf53c7,17e24635362b4c186cf01870bb683dd597f90f195634e4b99c5e47d46e2c82b9,754,3,203.0,1765.0,203,203,203,296,1765,1765,1765
104f438d72947b49216b97034e44c8f80e90b58c41c08afdad10f25a6eb1af7d,1e18e8b08faaf44ca6c460f5acf6fc09137626ee11f55077aa2ed356b9ab69bc,08dac77bad1f97f6df44cb488e8105e41fd184d96f8ab172fb7781c4c10e92a2,1310,1,1310.0,1310.0,1310,1310,1310,1310,1310,1310,1310
e405f7b30e23cd40c27bc60c166097277a3b8b378b5659a818db25fc64fcca55,87090814a0712cadbd15868f11cbeb0198e32c16f2158ac8686cf1549f7ebd06,a5c61809fa225276122c951f3a9a50d2b3f58b944963e23ddcb149b436a1ef80,726,288,254.0,5528.0,254,268,437,570,828,2214,5528
86ed71778a270c9c9a89462bea70fce8a2a98264e5a1ebedc46da1989ab83ef5,6e010af2a1e934d7eba1958abd9f02b13e380c6bcc3c68cf3e65c7ce093e5f23,308574f8cff73dff7f4a29a051ac69716c00e7a12e9edd47badaebe0748a13db,150,1435,5.0,1996.0,5,6,11,12,13,1581,1996
d058802bb738328e826d44f3109c9dc525cae4c8b69d9b4f43b6a3ff26920470,7a28ed45ffd3235e4f95c4cd223331a9f183f4efd7dd5708a6b8c6390d463b47,6e1a26e2111f2f09351b29e85ccc0f58d8fb84292140830caa2c69ca2df8029e,1712,156,359.0,7984.0,644,734,1219,1359,1974,4583,7984
0fc9b5586481a393bfcc8286478ccaa5623cae73d3953191e58e88c59a7636e1,1201d8e1c651176bd8b5e83eac73976b022d04fc4cfb5268f8c38d9ddf35cde6,52dd9c592fe09a763bf140f583363344dc81173280ddb7cd64a0004ac71b031c,224,478,156.0,593.0,156,156,190,206,225,468,593
f0417cb85bd1c751561867f042b6623bc7885e27669a11bc7f9a64dd7d3e4eb9,4e740b854138d6b46a963cc9bca494ffbae65c8c8a727932a12cec3b4bfa5cb7,6513d9569810de231ad84916254234be1c67df912b3143969e446864409df260,4,22612,0.0,4585.0,1,1,2,2,2,19,489
25f90d0cec69387fde8cb8163dafc78908da4cbe75c09140d66fb87c602a3b39,a8f42a5c10062f7b0bf20375cf07a957cff1145b54a1545ec630268c3be65d34,758879d575cad29654c9bc2b4bd80954a98e218d518fa51650d3afe31a491553,2279,144,31.0,19473.0,31,33,58,111,1136,16498,19473
43699f5bacf6e4c792918174e8bee37d3a3649d9a2cc29331a55d8bfa91d55e4,60e91733db6587da92973ba3499085c1e23d28419cbaa4cef6a8d24feb8acb20,09815ea38aea8225c1ac26405ef65847d9bf6afc8d0b40ee8fd983ba8ff27ba3,132,96,1.0,2078.0,1,1,2,8,42,2078,2078
d058802bb738328e826d44f3109c9dc525cae4c8b69d9b4f43b6a3ff26920470,4b7630d7a639c013b786db83ea05cbd33b3b25567a6806d2df147b9f99c21662,3c726bc534cc1b34f1e9bc476e44454cec6b1bcc4b5be80544061612eea6ed7a,79,288,0.0,2218.0,0,0,0,15,29,1794,2218
f35a42d3ef76a32d87732719fd51b9b5439cc586621e6f8aeef632c76433963a,c2dbb9a6a3e5201541c5d33396f3fe3bfbf23a1f078c32d3082164410608cf87,88d654730a97603fae681a725340e27da847998ea6f6e80a0931189053b461db,2749,96,1130.0,6929.0,1130,1130,1345,2201,3656,6929,6929
f3a0ec60a8679bcb21ee39e1ae6fb10f7bc6389fb96d46767e60f19e8b63f501,d9005c52f21065649d52a279860b9e6400afff775d2ddaced535934662924961,e85b136ca86a6edaf754df1ab6f7e28e72a9564d9c4bb39836c59aaf0e2d7f04,998,122,126.0,5874.0,252,252,396,587,1229,4626,5874
66f9ba1e9ad2369f367532e403efc47c55d6881b0442e925fd0da614f4794390,40c3dbed74601af1ec8c4c7e7b6cafb70d6a510c46431ef8cfc4948d8a19f1b8,891e9f8d77fc63913b8af9965a8fb0cd92ca1d68f63866d2443c22ba1393d3b4,3050,24,574.0,5986.0,574,574,2390,2697,3624,5986,5986
931615ab98b8c3ea27355210460882eef464e061a201ec90f508e60f4d300549,339da3fda5da09c5d1361c47ad291183dbf4e53bbd01bd7af314b18438a48578,1fe2ae5b19abe93ba79709a97f7e4b3db8d1d2c823bb9b814c8774569f4c88a9,195,24,30.0,882.0,30,30,38,40,177,882,882
47ff88f3d47ffe726ff5a3413b59bfdb85002b7d17ef04be65264dfe88d08ac1,e73333873e2c956a7d52884a3ce7d7ec8cd62d3d3bd39cddf8fa0cc9324edcdd,d99726aac904a2517958a5ec7b15c6a9e1902be1979cfacd06b37a3d2e3ac4d5,146627,82,56412.0,229792.0,56412,56412,122338,145147,178483,229792,229792
2f5e4185ca1ece5c869dc335cb66452bed51fb191c0da3a0a3ae00eae6c2ccd7,ad3cf53f15a59161870b407c81c754a650b560562c9279a68ebd10a73372b8c7,e7a84d631a66c6240b508c25b6c537a4f77f6cf14999bc5e43d8bffdba4ac94b,1278,31,31.0,18998.0,46,46,61,833,1369,6417,6417
c927d8a8e08a60ad2fc1d915942c3cc670ea5724ea6a7dc7b7827b60a70df67e,d3317a43fc77b4765950b54f29147cdb750db9e46479321b375cd545753e0237,f10e713de291d542f8f22677c033b08c9a0ff0362db1a571340f0219e9b57773,860,5,259.0,2957.0,259,259,300,366,422,2957,2957
fd8a2430aa1d1b6fb9e059ff6268eabf8bbd77e68a6d5f38195a67820149b0ab,899e52e49d4eac730770abb2372f077a7810d32d0ab6c344515b7cb808c9d802,b9386d10c889ce4ca90550f25debd35474be8d8ec0dce2cfaf3824a3276ee505,585,288,218.0,16347.0,218,234,307,359,421,10639,16347
31f520510a8990b85359bd826db7644027fbc43e1fdc1b7533dc679efde4d5eb,b71650bc77d68b3b027da33549009bd89a3791d9b7e47fd9d04a4eeb1f1d4e46,15fcc9f267a07593c381008efc422e13b7d3959ca4b9c5173149d1b6d21d9ca8,94,70,12.0,1548.0,12,12,17,19,35,1548,1548
20286f110cbdc8eb6c9d2cd08d0652764cb6a21d118206b5c338ebade1276118,a6224a1d07145852e70b893efa112c79e5e39a7bd6a441fee78b83482f58e874,7017de4ffed83d70238483df8a219da83506626ad472d22b8cc186fde46530b6,33,20239,6.0,6078.0,7,8,10,11,20,308,6078
6e77238d8804fe3863fb9d68169bd06d604e469d872983a897ed14fb9ea0a605,9b90e42c076ace09821cd0bf877552955e2d061ca2f4eaf6736075842d4113b8,bb5d90eaa304798c9f993c324397bedc99d3dac24b9d408114fc2d62648e136c,3009,5184,593.0,41578.0,673,819,2147,2893,3527,7415,33736
95dc325a4a22f2d6368e04c54265752aad1ef0207cd08ed2ffa698403f3c30b3,480a212a57230d14ce1da5674614fecec178867baaf5215680b8206deaa92de3,08d3e511f0e7a798645a540dc6757c2d69cf3547226f23b451b3cc2b4f0657e2,1,86401,0.0,390.0,0,0,0,0,1,9,18
60c690a4e15474205f0569bd804d1e236abfec302abd042e3ef5be1dde37d4b4,3c980cefc93e1ecbe53b0ca2cc408a68675ae75963f6b2e9467aa0049f126af6,ef6feecf46e4070ef1889fe8c835199fb03f003ac94df6e5aca8ca97658670b5,215,8641,62.0,18310.0,83,98,161,200,245,498,3792
7ee9d097f16b04a2963f587785841d1fa503d69f5e010979c58cd9ef92b91449,e6156c93e0b0079a6c109506f9e0c62cb80cb534e4c7e1cb427c8c3753022227,a83ddb3654117810f7c750f13fa73343c89adc8d7f8d7a255f316e3137dae490,9,1440,0.0,249.0,0,0,0,0,15,68,249
8878248cc56eeabf182d807a61696177d576dcfa6581a65fcacd9d7611d06ca1,61597f87e0b5914a9efbff138ddef7794de592259b7465e9d6123cdc8907a677,a3cacf8afd79649ed4b8ac16332da5391116431b5630b0362ed2cf359f52932d,23,1440,3.0,1000.0,3,3,9,9,13,658,1000
defeb3ffd56e8944b9fc44153754270f8d673519e7fe2b4417b2b699e3e26514,70264562661d5ddaeb8f64e4e158437afa2a8c50c04bc7c58a5706ea1e8c31f1,3fe6d6a1b9dc622f240d152c3f73609b7cb5daffb1fcbd2d3428fc3f2a9f42e2,1,1440,0.0,11.0,0,0,0,0,1,7,11
e99072530df64e7cddf316ee22c425adc635bb1c5d3b0e18a5f982143e44df26,6bf678b9067ece4b3847d66a7e02a4e9a6143d98763358606846c745a51ce500,f3ba4d041995763c747da84fe56923adef6c54041a2a8bfa602135ce2c713ef1,229,33,10.0,1007.0,10,10,31,91,298,1007,1007
91ce452fd600f697654d1d876c576e6d0aeee1ab234e326b28943e0d6338a176,f5cb5bc77a32924f7324031f75b34ee2c0af9a1caa61dcc5d66605040bfa57d8,ad35f3c3cfb0881688edb25e25b6b33df74b28e49b47558439ee85d0833abecf,591,75,39.0,12242.0,42,42,103,217,566,12242,12242
ad79f342196797cd02f97863e563c7a8bc0354eed877ff2b21c83077b85eb5e5,f3714e66bc8e3f56aac490dc561c7288ffbfdd5a819079cc2854cdf6e5f4bd1e,f43010c9d4a92f59604a77d6fd63abceb97065c9ddd9c070d5918a859e8f9c96,84,10,0.0,266.0,31,31,36,36,156,266,266
379872c9901032441acdac85f4c227fcdd456396fa913f0575249605d4c8d1a5,c0051322b0f950584c1332ca02098a5665b7189a4ad81116e265e4bffebe223f,654739233c4b8dcb905627f1c7643913d281ffbb3bb37251f6cb4896ea512e4b,379,36,140.0,1157.0,140,140,231,344,461,1157,1157
70ddf719af7561118daacd9e897f2f1d7c06d311a8029b288fd498759db9cb79,2d91278b6a556d24703527dbd0540b52ece1c530bc76830b1ee15d8b6d5aca1f,94cb1e4eefa43fcd0c9750821f3eb16149af27ecf271f67fddb25fd437cfe465,145,2,115.0,175.0,115,115,115,115,175,175,175
271197cdbccb789e73f09bbf24d1dd7d7f49503398b4ac8be692ed7faadd4041,9c1346945b7e5db92d9ae232ae98f4fd53a66cb250b1e9e3362b2e07e9572eea,245320441c0f2786254a134702930d66522ce0b8eac8233f7f4e5a97c76020c4,32,1,32.0,32.0,32,32,32,32,32,32,32
6a5c45141b450ac4176a04b20ad9dc32b73763fde945b6dae4e22c901914de40,6598ad4095176af9d234e323abd1228b2b3f3f6adcc52050243cc86cc173276b,bd5ee3b120e6119974361485af3f5a01832f99aaed5b333eb2a823d8063e57a3,0,11484,0.0,234.0,0,0,0,0,0,3,65
58130cfa8a6431dd3fce29f793c101d8f72a8343413465b03b76c06ce220cc30,04e545a2e7f3527a6ab6d77841ffd8f5787eacce8c7ce1fd2fe6749fde2c8222,895b38d2e3b8ce0df2347d36849586c31f722a2966b33054e2568bc2b79cdc8a,342,288,178.0,1406.0,178,187,254,304,380,1213,1406
0acbe33e4fc4d177a7d02dc6622cf384170a9e778b603385b03a62ae18693e2f,fe9f7673b858a55f9379b5fb3449f5efbb91f59f5ad81fb90bdb01082046940a,b93f866096cb5ed7ca770ead1b7bd5bb00bd01257725b0d3288e48ad3ddcf38d,2119,310,21.0,12604.0,21,33,232,1715,3007,9671,12604
8d9058f92d0a5fb918f4b5c9eb3e4d1854586f8fed3fc62b7d05bdaca5275fec,048160575a62687eca552627feba48e3de51fbed17c2b1e0bf80109ceb673b8b,3e2b4ea8e17ac474ae15fece6fb55caf2742bd4a62b296aaa8745335558926d0,15301,2880,13771.0,52470.0,13771,13977,14430,14818,15751,19973,52470
c8dc0906ca317b74f7bf88b3abc7c138f33a0ff58f89c00cdbaaf25472a74ece,d6d573b945f88c4b874ed2f8b8da04ce024f16f88104cdd5d7cc671d86ff42be,1d869207a9d865a933ad59bb8108b086b01e4e2c6e681eeac78a4c835e4562c2,138,447,0.0,21132.0,0,0,62,85,106,713,10596
4bfb9b4ea9e9e6468bfbd253c9df4db00e5f3da0ff7883dbc3cfbc3fa60e5602,06cfb3a03d4b38e186c21373300bcfcd52536ef16790c63c92f261ceccbf75d8,5f281be440cb708f6b193608d2f9c4cb3e6c6bf3af3da5080aa0bea9540eae2c,5,1440,0.0,3135.0,0,0,0,0,0,31,3135
17d42f82f117c821a8dbf9e3b4579b6e6f945b44edd576c393dae13461c38275,3a917063a9ca53676ea7659f567c13f229951d32cfb143f980f469a9b8e747fc,5733dec8517851767fa23d740bd9abdf284df4fa4286087213c24a2cfe95786d,2,286,0.0,62.0,0,0,0,0,0,49,62
fba3d7fdf3ecb7aa2663e0dad8c729f25b709693e945e8c8a81f65b893b6d284,67b4f2ec6e2c2d95b1044c49a8610769dd187b5ac2418f9b9939a97c205ed1db,92afca8ef079e6f967a615f88296b610f79ea1d7d86231d02a79c8b8df084e8c,4315,159,484.0,44558.0,1737,1830,2106,2309,3460,39851,44558
c017b13de04bae11093ae813f7410ae34832a3efca01be019270893397eb5c84,20b7b243da81a00df5f09104bcbc608acbc4b2daa5f1356f4173bb0f5ede0b2e,50af060bb2bf7e3eee58a6bf433b2f1e94bf0f8fea754fb56b94952c24303151,27219,95,110.0,90828.0,110,110,598,18010,55758,90828,90828
33d02db29169c2f77b0234e73f1dec0212b419599b6c53cdecf72521d0db7b7a,56bec62e1c4666cf42572ef401fbad430c04a0538fe83dbe87cb22897c9b3fb4,d5d1c1e2ea19185390d01911145a2d03cc9466b44c77e045da41202dc71c7672,39,95,0.0,218.0,0,0,11,27,46,218,218
7f6b84c358db195e7b238bf9e69bb3245d874489fc8c39c83c4ebd8e04f906ac,fc666de9d89590b6064b824b8d57402035f2ce5a97e63d0d995b0ddb04da15b9,a699dfe0ababa957d7205e4275440fdf7d28ba0b91bc4fd2e69240aace39b81d,3673,7,1444.0,5722.0,1444,1444,2687,3584,5298,5722,5722
c1f4130540132053a328df2f8cdd343011303af652ca88dc0be4d09bfb05d5fe,fb6cf3027f6db7e7289cfa72859c539113bbd5b8047a40b29b801c03750c9aca,14c60597426e0ff853efe37894b932d49b8cb321fc57333ca1a2cdd60fdb09ec,296,9,62.0,1006.0,62,62,78,93,390,1006,1006
e8ed52d0ad0948c2c8c21bac440fa13b7489d6f01dc65cd5d547cbaaa7b11d97,f140ebafe9f0b701508bb2a46321cd3aed42c55b492b7316a1316c5d0d214f25,6ef2ac0cfa2203e695a2700347c12a8dfee35d3b5a4f86f97b27650cab371d6f,1531,4,111.0,5015.0,111,111,111,484,517,5015,5015
3255dc71d02271f80871546e54244d8963f25c45000d50c12ab37bcde22bf13b,e9e104a448c11013b250fefdcf71f90f434ea837d31c92dbb39b59bc836e7842,09aec0fe39f84b7bc95f66961f96d71389af9584fab1d051093609cbb51c701f,3589,6,2245.0,4867.0,2245,2245,3198,3468,4191,4867,4867
ee03eb2d01d1004de251e3254b3639890c0e6ea4af89b20a521465f6b7a9ab82,714b371d7774234c8c1044c586d35f21bee6b7f3847b724e1723ac48421f6c53,9774e58033210fabd92b4087ae848b7e5edb9650b97b5dd2aa490109ca16e290,118,2,36.0,201.0,118,118,118,118,118,118,118
623e9c7bd3530f0d88d09bf47c7a61f6f39f8ee2714c96def0999fc950016827,da4ea07d6cd668be9acf08a5011ad8b90465fd710aee8489d333232c4b718ab4,4ce9319ebc2ced61f0810357dfbbdebae0318878cf1bca5abc27ab7381a6bbfe,749,1,749.0,749.0,749,749,749,749,749,749,749
992626b055e9a9e6183176c4eddeda1fdc18729be6f55fa7fef7365c6b2e0779,4aaa6af2d49654150ed87c1b8de409c25e5876e160aa0434141348f93ffbe716,0e01c2e3da9171cad631ae7d55fd447ea64f1c5df2ed181e1eba3a4194ce0bb8,396,288,0.0,7153.0,0,0,16,34,78,5422,7153
8fd53fe1aa335f31c8f41f014794badfdbd31def02b17adb839a589de00afb46,72226a68fd8b7a40d6685bd82d22e6287fb108de06bab0ed74c19bbcdda16902,b2d9a1d08bd177f878cae69709e978ac4571d9402aacb1769cc2e07d8d0e72e8,105,720,62.0,330.0,62,62,78,93,119,265,330
4cb8f9a0778ea6d613a7c8bd00ed01906e7511953a2ede718b5cd35b73655c67,8a44fc292e68f93cb96b6924481fc49203acaa4f14d1c9b6b34d67679a83ef06,775631293020cc88fd0640a574bae6d114ddc89a3be930d7cf634f0c1d37e539,1,360,0.0,49.0,0,0,0,0,0,20,49
392ce1b98bbdacb4b8f3183c97bc0cee8f00882ab3f6c25e7d32fc36b6058409,c24d7d2da15209428fbaef966208af2a1998afc9d72cf94bf83f7fad8ab8cdb3,8b62f11ef8add05116bcc211d5b0605d2e16825f92ed60af2391a7af9247c7c6,111,717,0.0,3550.0,0,0,10,15,46,1610,3550
1ffad962d8e54a828f206273b2942dddba6dda00bb0b92c66724a0cd80cee29f,b02d9cb1e574b7ca36dc5a39b1c9125350886478cc302dce5922dd7b344ff9c4,6e155b9f0148dd8d8ad6154a47f45584669aa8b843123b9033561a35b26bfb92,1301,288,833.0,11233.0,833,834,868,919,1585,4145,11233
c8c3df0b0b05d307eb3a863155932e9116a3aa0c82e433d1dce73244f271067c,49090d50b533b62155915771fe006cc7f97877a58dc404b5395bb8c8cef81bbb,b6423e53fe32c38c99f26d3f0a420411c2ea1b29049989d251307775e4aa945b,25,288,14.0,93.0,14,15,15,31,31,62,93
df6f785129977ddec42ced89d24375804cbf3f5445346e0c2644049fc068b579,ae2730430d1dd1ab8c362ff352cf0243db18b8daee5c6334ed1b5b63740afdd7,71e479d28098974f78c7b1d903de9f0c85b93229cd6fd968a0dfe07c15f16b1b,34,3241,6.0,1749.0,6,7,12,24,43,159,452
d6efd44fb06fa43d7e018e9cfe74ea29e72a4eaf68684e048163581b066e7b1e,bf4bdfaece7bded3ce2ab935ef5d56458483eba14eee182d63f51755625ab376,aad6dc309bcdfb0ea646054837f9a268f206507f97ac3e0cecb08122b077adbd,37,288,0.0,943.0,0,15,15,15,31,484,943
96dddfaea982c8841a8f4f5a26c3d0de4af51ae1dd94a1ccc4cd4fd5364925f8,41e2eef4d483478c1e74ec8de0123f1061d790d4be666ed1bf68b78b1a8cda77,83e55e49af8cc4f2eee59ce3d2391d89e0bfa32c94a1e6f33326e938054cd743,114,2880,11.0,2746.0,11,12,13,18,37,1033,2746
3e133b894aae309166e20c4b288df359730113fa8f0b39da2501ea2d9f74e70b,838c5310ef40f6b07062ec500e9e0c745089fd377e4141d87787c8e27958fa7a,1f0c44c6bb4a3e7a6753fe5c2364dafaec2c61ba02faed931819a1c7a5b4cc35,14585,288,10834.0,39666.0,10834,11453,12971,13884,15415,22574,39666
e9118a4c1cee80928ab727d024149e4dccc75032d19406220ff14116085106e4,d0b191a6c435e8131e7691b6ff0284eaf7c650c07044c58689cef400cf64947a,32f78359fdddbc71156aa01f9a50337f94d3415741ff3b314ae96b19e885009a,300,720,109.0,2459.0,109,125,218,281,344,703,2459
a5868787b8f675c031c72c227c93632bafe6b12722531b3dda8e60b71f836bdf,1fae75dd8975846786ceafb177f9aee885387a29ebb8a2cac843609920f9bd96,36612de2b72eea3f3674a454926517a7ee90bfa6a61dbe05bb2d0fd7914c6108,1,288,0.0,34.0,0,0,0,0,0,32,34
24e68189f4fbc4a7885cdb849f0b35feebfeea866808810852998c142ac6cf52,954722be0e1ba71a550595de81f9440a099c0bec7c0fd91d35bb6ff7335a9b07,e8c916844dda8d97798dee84315a219e0a4ec145773251473d8e562ae902907d,90,963,31.0,749.0,31,45,62,78,105,282,749
e20b2184259d8f211d57dd6fd323f46cc58845a504de29f697deab76244a6d86,a5478ee6224da86576a362b541b62bcc13a33cbe2130d7a7c0d321fe942816e8,91af80a966c0c568ae7ade94d52788f796fbca2dc0db168da861642a19550d84,137,2879,109.0,358.0,109,124,132,140,140,156,251
486e10ac87f2c7495ab672094483c49e935e6f7e19b2b9b7157be7f9f949244c,f067f63fc48b08f4b8d215fd6f67773085559fdd009be0186e834c06aa7caa55,7d43757a7ab91f11a85be0fb267ac5e38952a978c2973fae9bec44a1113620f2,29423,508,124.0,198384.0,171,296,6168,18873,39870,136088,196780
b914d7a7f725af3bd9feb560c458dc5b85c28423783e0f3ed274eb0c7c7f4ee6,56822d4d98293e881b37308e01282cd9a840e7777e5b738c2f804bc0ce15ca5a,59ddc58071316614ec3e28d2125c0eda1d6d583a74a3f27d09da723d9d8c5489,5345,1818,213.0,62185.0,269,329,1783,6146,7812,10709,61939
2e65ea845f3048ea8216f3893ef917eafca707e0347cfc06f1d593eee93a9985,f3573d4bb44a6a10dbc40ce749d8cf2021c26e19010e754efc7fd4a57f37ed17,9570ded80dcd4f0721cb9a258b8367a7ef8fde24b0a822b202f7bf082b8fdc4c,2086,294,1280.0,8669.0,1322,1387,1780,1868,2181,6142,8669
c9d0de6ef63d783f01e4d99be759ea54b1011c4ae4112442f11a65e1b8833ca1,15dd9f8fbc6b6984dd133ddd23067b557db3dccf9e0eb5c8114a6d12c01c6a49,e8341cef3d843505037532d2437f9f2bdd41dd3b593bac578fba82283fb580f2,6142,96,3626.0,18438.0,3626,3626,4660,5494,6749,18438,18438
486e10ac87f2c7495ab672094483c49e935e6f7e19b2b9b7157be7f9f949244c,76e30412c8b470571ab46368925cbbe2f945b512667b5eb6f2f2c33629ed0dd1,e34caf1138b2a84465d671f27d30fa3804f7a92730af17752d1ff736f4eea56e,11962,56,156.0,233139.0,156,156,1038,2964,9191,233139,233139
d3de06548e56163b1cda9fad96342c7b32f07345e787f08e9df255ad168fe130,1befb8ad54b98da50cc466e85c45dc956eacdbd1121944d9afb8b1dc8e4f1967,17ffbd427de8a2e82ce6e9dd4a5fb2be20813efd107550b5f6822f7408ae67dd,3768,96,1379.0,16249.0,1379,1379,2176,2883,4790,16249,16249
55d0c10a3893bbf45cc4689dd005089034de50b09461d6f18d8d7e3e78851c15,2d754e15be3719768964da186c7efde2873c70a313e01655822a8ca122be48a8,5c66fd258058ec458176680f6839b16221af870530d62fd9942efd7bffe13edb,5443,25,2493.0,7823.0,2493,2493,4427,5360,6563,7823,7823
51363659d4b26ee2cefe9a0781d7c40f1d9b9a7333294f0c62d1721ed4a76f5c,888f17416e4170e09ebb79483d157c22053b6dbd247f99afdc1aa3246990ddc6,f65e8cd48406d26161b5200a3d5a6e9d718d501bb2b19a76629b30f3977fe655,3332,48,1924.0,5351.0,1924,1924,2942,3331,3611,5351,5351
e9fb2a4115e8cc160df1c2db4e75abb47d51aded277a67718837d96e3ccf36fe,17e7c945cc50d3678e9b28547969833bc6be72e63074556296bb33ada67b3e72,e1706553bf69dd5f59d190f50b94cd114287f296007ce92b41558fac63cc5bca,34702,45,3375.0,69049.0,3375,3375,7543,54595,58500,69049,69049
1224f22514503aeffb96a0f2feb9ef54ffeb33a0a44292951ae084abf7c1f70a,b095dea0d0a7210da0481eac31aff3f2885033da3ebe6b980ac63d4463e71dc6,de514f47b5e017a9a81c6547d3fbb7566f9bbeea71788c5ab2d1b4a3423d27cf,72,3,62.0,78.0,62,62,62,78,78,78,78
fa5a2cdbf1d0b9274838efa65935cfe22c84fcfdb524d180a635d74b68fdd184,722f742f18ab78a456c050c55c1975255b1f4c951b0c72ee02ada98588201c9c,30a976ce7f034420063954b34aa8e5f113a64794340d63cca6f1e6edb7469342,62,924,1.0,11195.0,1,1,5,10,19,933,11195
6a0fef6bc856fa5a55bf8ee632793008e31f67f02ab9e4ea0e878cebf8462739,d61cc65907163919a77dd823f609c5fb4892756c729952bfdd5be6f65e984e18,a48048b8be2f40a97f8a75ee6dd69233a80963f30cfe6ddb0df87600b2523b7b,83,6,8.0,199.0,9,9,23,63,143,199,199
984372d34905c78c11f6064350ab92c3c47dcc8f3eb33696a3448ea7cf297baf,be42a73eb0c5f134d79f7e5eabf55c61647c95737837049cec4266ee8341a1f8,7671b56c7a2afc9b1cbfa7d3a3d5357722db774ff5240ec7d64ffccd652bab9f,29232,13,872.0,83075.0,872,872,1013,10488,82955,83075,83075
814a96427ce1feca770490e78ffef5f3c16e023a2f47298ddab0dd5777c3af0f,97b2d40912cbd85c9e0b983cdca31983595685dcd0a56aafdc93bbde23426804,d59fc3af95717c502db1550b62f13524e23797e97ffead0d7dcecc798ff4efd5,22171,3,12766.0,31277.0,12766,12766,12766,22471,31277,31277,31277
2e9a8068ec8d77aba85a8443a09086116db3391c8d5dbfe76cb595f6565cb661,24dbf8814e565c01fc57471224ceaa03463a222bf98081dcd2ea2fc8cd9b4ff8,017ff0630f7272f1abbd250aaee0f7f6e950ce5ce6642de5be9ccbbcc3af9b49,694,3,606.0,758.0,606,606,606,720,758,758,758
46319ce4ca93214fad507c76bf52f84a84784d6742c8cbb23290b9f495d24894,1aed6a5aa397da392fd0f73a30060ddaffdf548a890b73e666c81a11d2588aa6,bf5f5cea498f694dccd7168a1cb92b6118a970fa4fbf927078a6abb9b10d245e,369,1,369.0,369.0,369,369,369,369,369,369,369
cab4536b6f941cb760aaac841b7519440eb4b9043ea356dedf01813b6929343f,ff2af7e888a9ef3eff36187f6c227e351313982346556b63729007c6ef56e0bc,1fa06535203693698b96c9d65f3529e724f80a80af2e779880fe15cf9739fad7,928,882822,62.0,106660.0,125,550,713,816,979,2626,101008
30a040c035a8ebaf62fe99ffa9db909f7ad68b89ccce26941b5d9d2573df6ec4,11fa0696205731a4d065e76b88004b175bef8308b0e506af1a3275b2af6f2fd1,1dea6307388fcc2f18f27484fd6105786ec03bcf94b86805edd95126bef1fce7,202,2269,0.0,29592.0,0,0,6,10,15,12404,29592
96b1d1028e71b9ca1d6a1507fc0a9f26b73b122e831cd3f5251762fd48647980,7864fb0e34d97017f4a8398847977b5d35290c9dd947619f477bed197906b65c,7c751db469652a6fca16a4b0b4d1a5c20f35de5d1677c84f2d8c212c89fc4e77,13756,288,7979.0,34740.0,7979,8059,9200,12886,15089,29054,34740
5814dddfef545eed845d9fd96a574e5e365e9626d68ef798d82eeaf00126416f,df022fb3a1c918f003b2b7fc04baaa08dfda07a5a3718a38c2d87385061d898b,61ecb17c5be8d65aaeba67e29442305cd1232a1733fa04735e22593fa46ad852,1041,1440,76.0,21849.0,76,94,158,718,1338,4936,21849
4f22cc38108597dbc58db21c336005849d29bbaa35d441dfdd8d060137a14add,457fa568cb7b44100f9dc53ae292f419f3eb4966a64c1acc09ba0b99aa9cae40,6ebf3ebd2876e935950c7a566d8c766d134321276ce922870bfc98d53655709e,38,3234,1.0,7321.0,1,1,3,5,9,769,7321
97d54586702f75291d6673ff400470deaa18625156334b753ab27e97d4330ead,60393a5c156c1905114e7104d51cff90fbf6ca7068c96492a18ff1dd13e5becc,d7dd56098245844f303192b8dbec3d4a02f7132778c57a43248098bbe7a7e15b,30637,277,2673.0,270377.0,2673,3390,14089,18119,27603,209825,270377
5814dddfef545eed845d9fd96a574e5e365e9626d68ef798d82eeaf00126416f,23093241c25ccb5a7f4bcd5857b13bb43dcb9a93255c0458d51358a7218c31a8,ecea42d32efa4bc3c37b7c2f05cef9e74d37f12317f90d0b6c45179c811aa02b,1006,1440,83.0,23870.0,83,94,161,824,1415,4202,23870
71091aad6b2c3478e13e173128dfe5e1702e34f0a75b9b52c5b7871c60a66aa8,4455d2317c4086f7a97e16a07fd67306cdac0494cd6ac474abc63d15ae1d484f,152cc8ccb6a697f9e9c0705eb86e6c716af7bec21241732b612428e98446a6bf,37620,11,55.0,404653.0,55,55,104,365,2070,404653,404653
7c92d3fe5d189a38ecda019604373d81374bb6c3d8ab4917addfee136d0e07a7,29627c108bc63054ea59975be536ee90c985486d3865feb908752048333e58d8,03363bc047e8b639d2473e49e925380f78398ff54cd1d5831fc873f3fd2dba56,5861,12,3174.0,14051.0,3174,3174,3638,4437,6666,14051,14051
ec8fbb21b22f6c14c0ad6e7df5886b8b331074b481a1505c4b0c268df1bc11d6,d2967980383dbdbb62c1ba92d17047d5e222d8877dc6df4306432c50b31ed433,efbbed3f7c5111e00a166eeba026ce05820e19785bf3f874f2635f08a5cec5b3,81,41,0.0,249.0,0,0,49,78,115,217,217
cab4536b6f941cb760aaac841b7519440eb4b9043ea356dedf01813b6929343f,e593dfd5a2c472da66d07bd2e19fb6c8ca035acdcd37678e002ad536d531cab7,2cbc6e74c6c7f1e6946a03ee19880378010ed4f3948cdd9558df1e20a8fc2ace,546,23,295.0,1075.0,295,295,370,531,673,1075,1075
5e4f6b8a05f46e0a84cce316a3d82b79ecc547c09f9324a91cd86075f34bb8ea,77d9382dfc5ffb201f7f1c8aff92e39b8cf406f3f8a4acab36bf9fc1efe730d8,7ecdb8bb2d67ccb81fe17a8617d79fecb1bbbe27a375dc8fc1874b213ea2b4bf,156,1,156.0,156.0,156,156,156,156,156,156,156
49b2d1fd123710a189630f202a8d059e28660cd1f13a98ce7c6ad71b0171fd16,fb66b17fe574b83f81de91e619b81d20d880ca72484eb13da566506226e17111,f4009b0c3dc6e7f555213f37cb851342e66ff7cd18aca35a3c5e85b67cd3a67d,21,16,11.0,109.0,14,14,14,15,17,47,47
d44b2893a9bc29df84d0f5ae678eaa03e9ec45fca4c0ff1c75d2738c1df10f3b,2ae44decad206a642f17fdd20c5e82019947a462befcd6cb061279f4697a8f8d,d044bc0fcabcdf9690f322f3c4014ce72f3460c9b513cac71f5cd678b9c5d45c,2984,1,2984.0,2984.0,2984,2984,2984,2984,2984,2984,2984
