HashOwner,HashApp,SampleCount,AverageAllocatedMb,AverageAllocatedMb_pct1,AverageAllocatedMb_pct5,AverageAllocatedMb_pct25,AverageAllocatedMb_pct50,AverageAllocatedMb_pct75,AverageAllocatedMb_pct95,AverageAllocatedMb_pct99,AverageAllocatedMb_pct100
1779fd3337dd353e424d808d9190aff8f09e46a8cbbe6469079b2d7f0e246e37,1779fd3337dd353e424d808d9190aff8f09e46a8cbbe6469079b2d7f0e246e37,1058,114,97,111,114,115,116,118,118,118
bd28ee142ca5b46259f6e27fc3a4216f447bd5843c406e63219cff30e73b135b,bd28ee142ca5b46259f6e27fc3a4216f447bd5843c406e63219cff30e73b135b,21348,122,112,118,120,121,123,135,139,145
1b46c1a27eed72fecf2e76f229f9ffd47d327e3ef9a13ad30f46bd247e07fbee,1b46c1a27eed72fecf2e76f229f9ffd47d327e3ef9a13ad30f46bd247e07fbee,9284,193,105,109,189,200,207,226,232,245
88a43b1b8ef6d2e900797363da21fd2bb29351d3022389feb31fb1340a94dae2,88a43b1b8ef6d2e900797363da21fd2bb29351d3022389feb31fb1340a94dae2,21537,92,81,88,90,90,91,108,109,109
083a6af60313d47da4f35bc2f765630cc7e31432e3fcba8b0f895735f7fd556a,083a6af60313d47da4f35bc2f765630cc7e31432e3fcba8b0f895735f7fd556a,22584,173,144,158,165,173,179,196,223,254
d3123a7052b42272d9b520235008c248a5aff3221cc0c530b754702ad91ab102,d3123a7052b42272d9b520235008c248a5aff3221cc0c530b754702ad91ab102,1178,198,160,174,188,202,210,218,229,229
a2e59b8ed3a756ff5675bc66c8c8f43edd3917982ce19afab18e2a61b26f0bc8,a2e59b8ed3a756ff5675bc66c8c8f43edd3917982ce19afab18e2a61b26f0bc8,21308,124,107,111,116,124,134,135,136,142
074d7db5790cd48f87f3735d285a3f4c758ddf00d8992d920629ca532564f7f7,074d7db5790cd48f87f3735d285a3f4c758ddf00d8992d920629ca532564f7f7,17943,132,110,124,125,131,135,152,154,204
4fc991c586c02e74d0329ec05204b95e686ba85bfde84acfd4ef8a720b1b83f9,4fc991c586c02e74d0329ec05204b95e686ba85bfde84acfd4ef8a720b1b83f9,900,188,172,185,185,187,188,205,214,214
8752b4361adeccf0addd0c2e1b4f09846c6e0ea9f9921bf7471199da6a2a2ff6,8752b4361adeccf0addd0c2e1b4f09846c6e0ea9f9921bf7471199da6a2a2ff6,17233,302,292,293,297,303,307,311,312,313
c5a6c616dba00d6e7fdb22cc29ed952b579981b1883aba6c533e518b33d888ea,c5a6c616dba00d6e7fdb22cc29ed952b579981b1883aba6c533e518b33d888ea,1068,109,93,107,108,109,110,117,118,118
01f46a0e16002679a753a528b9448e40ef98dd6f52c221b008febcdbc0efeace,01f46a0e16002679a753a528b9448e40ef98dd6f52c221b008febcdbc0efeace,61946,121,106,108,117,119,126,136,141,148
f416753299f2f548826f19245f0ea43ec8b7843f51ca7174165099bcce1db715,f416753299f2f548826f19245f0ea43ec8b7843f51ca7174165099bcce1db715,20356,112,89,100,104,108,122,133,135,142
dfd4d5d8eb32c5bcdbdb163c282678fbc711fad4115566c44472a23b494d0693,dfd4d5d8eb32c5bcdbdb163c282678fbc711fad4115566c44472a23b494d0693,758,183,152,169,174,174,201,210,210,214
37b86edc56cceb7b8da3306899279b1b179509b8ae67a73025e0d856dee996d9,37b86edc56cceb7b8da3306899279b1b179509b8ae67a73025e0d856dee996d9,6390,142,105,122,135,148,151,154,154,155
7ff238c57b31a11ec3e09cd8296058a122f918d71ab0702989a97f99e4ef7e9d,7ff238c57b31a11ec3e09cd8296058a122f918d71ab0702989a97f99e4ef7e9d,4681,202,173,183,196,201,207,225,260,391
fc53564e7d03bdf73570323adf6f529cab93dc4fe833a8667b8b55105469208c,fc53564e7d03bdf73570323adf6f529cab93dc4fe833a8667b8b55105469208c,17943,132,110,124,125,131,135,152,154,204
d6c8defb767c0cb9ad328a8574f1981f4c63b49ab44bffb91986a8976e93ff0f,d6c8defb767c0cb9ad328a8574f1981f4c63b49ab44bffb91986a8976e93ff0f,4987,118,101,104,113,115,127,129,181,192
e80f0c2ac8a3aa86f69484d86e060cf594ea9da5887b9c5f9b739ef6c9e7804b,e80f0c2ac8a3aa86f69484d86e060cf594ea9da5887b9c5f9b739ef6c9e7804b,2448,186,155,164,172,186,203,207,207,286
28c36819f51947f7dec4b89891a32cd5ad5f7f8bec5ba7a997eaf2bdc48d0bed,28c36819f51947f7dec4b89891a32cd5ad5f7f8bec5ba7a997eaf2bdc48d0bed,3196,200,170,171,198,203,206,209,217,232
359b4c07c1431fe5ae0415f8ebade3f09060478b7e06b6b0822314476a22627f,359b4c07c1431fe5ae0415f8ebade3f09060478b7e06b6b0822314476a22627f,506,197,186,186,186,194,209,210,219,219
49793d8cb8a852d55b533608895e8683a928c73ab4a10197be41a87a29c86216,49793d8cb8a852d55b533608895e8683a928c73ab4a10197be41a87a29c86216,17719,107,90,92,99,106,117,130,132,133
d0b33eba75ba1af646ad2bf33e16d54cc50f5dd1a96d47c83278001d1114ebf7,d0b33eba75ba1af646ad2bf33e16d54cc50f5dd1a96d47c83278001d1114ebf7,52772,190,83,172,189,193,200,208,216,386
c4a391a2d10e4ca4faf8da0064ca1e3a77cbd9d4ba8de29f96b7fb88a0e441d0,c4a391a2d10e4ca4faf8da0064ca1e3a77cbd9d4ba8de29f96b7fb88a0e441d0,17943,132,110,124,125,131,135,152,154,204
d24b96418738733ec656741767cfad832b1bbad29ef0f915c0b35782183f0b57,d24b96418738733ec656741767cfad832b1bbad29ef0f915c0b35782183f0b57,21965,167,134,145,160,168,175,190,214,238
2c408af9c8da3681beff0e3b2790a11270e0e1b69f47ca4f82c36e5c794360e5,2c408af9c8da3681beff0e3b2790a11270e0e1b69f47ca4f82c36e5c794360e5,22614,165,92,140,154,164,180,197,210,224
53141659778e1ff32f7017435337f0166d3a556b002888fec316577a4f09821d,53141659778e1ff32f7017435337f0166d3a556b002888fec316577a4f09821d,1738,127,100,111,112,125,143,161,161,161
7f3bbbd1181ce25650a4099c615465bbb8aa787c3da1012dae42e61b02705769,7f3bbbd1181ce25650a4099c615465bbb8aa787c3da1012dae42e61b02705769,266,217,104,136,222,226,226,226,234,234
eb5b1653d03df176b49faf67a5ac4dabc7155c3a0018f6b3c1c0756bfd94e85a,eb5b1653d03df176b49faf67a5ac4dabc7155c3a0018f6b3c1c0756bfd94e85a,17232,120,118,118,119,120,121,126,135,137
cb5caf96d8a43132cecea32263f53e73cb5fc0746bbeeb171a723365c8714bb1,cb5caf96d8a43132cecea32263f53e73cb5fc0746bbeeb171a723365c8714bb1,17250,125,125,125,125,125,125,125,125,125
ec62658e23feee27a5d2a0718a1e3c9a06d9a376a5673e438472366850904c4e,ec62658e23feee27a5d2a0718a1e3c9a06d9a376a5673e438472366850904c4e,17252,123,123,124,124,124,124,124,124,124
3fc407d8ea3d6a5e283cf3989426dbbc9d6583ce8dfd07a1f897447523935020,3fc407d8ea3d6a5e283cf3989426dbbc9d6583ce8dfd07a1f897447523935020,900,188,172,185,185,187,188,205,214,214
54b567b830d16a200ac7c14e73085785daa740170d27f38bfa2abd4cdb9999b1,54b567b830d16a200ac7c14e73085785daa740170d27f38bfa2abd4cdb9999b1,20086,215,165,175,185,192,218,352,368,392
45956b412e32b3e91ae23c438fa2e0790e08630cd4b22475327ce87e2955f632,45956b412e32b3e91ae23c438fa2e0790e08630cd4b22475327ce87e2955f632,17232,120,118,118,119,120,121,126,135,137
1699baf22f1fce48a2a281e6b0e29ecf084f10463c35c0af62f89eeae52999ab,1699baf22f1fce48a2a281e6b0e29ecf084f10463c35c0af62f89eeae52999ab,17249,189,187,187,188,191,191,192,192,194
3a5dcccee5a09f7806c2357b9c923dbf6cfdd4e0675af58a8c3966da8818cd1e,3a5dcccee5a09f7806c2357b9c923dbf6cfdd4e0675af58a8c3966da8818cd1e,300,106,71,105,106,107,107,107,107,107
4fd646fb7da15599f71dee31dab6b243470d1b9b51c783ef9d3e65536e38ec0f,4fd646fb7da15599f71dee31dab6b243470d1b9b51c783ef9d3e65536e38ec0f,531,206,165,197,199,202,215,220,222,222
4d9f9d62e4a6d80b29db8e21c4f41a9ace53a356d063570aae2f68f84298b1ef,4d9f9d62e4a6d80b29db8e21c4f41a9ace53a356d063570aae2f68f84298b1ef,1738,127,100,111,112,125,143,161,161,161
ce6d86ef0da26768ceab327514d61685791282e7735105173af03c762f54ef26,ce6d86ef0da26768ceab327514d61685791282e7735105173af03c762f54ef26,17239,96,96,96,96,96,96,96,96,96
9b3186dce4fdfacbf20c309733a09a7f722bb2cc64a3b48f5ec5b71a4afc9425,9b3186dce4fdfacbf20c309733a09a7f722bb2cc64a3b48f5ec5b71a4afc9425,1541,140,72,76,87,171,175,203,208,390
491e578126c15ce97fae0c767fefb2539d87b7828d2d27bdf4fcf60f896ee206,491e578126c15ce97fae0c767fefb2539d87b7828d2d27bdf4fcf60f896ee206,321,108,54,106,109,110,110,110,110,110
5754439085344eea192766ae31115be110c8548b74de3e34dcb76ad7544e7d7e,5754439085344eea192766ae31115be110c8548b74de3e34dcb76ad7544e7d7e,6811,115,96,97,113,116,119,133,137,137
93c121e7aa437a1e01e3c512c6f0ce3c821a839025dca4408f85616de4aaee70,93c121e7aa437a1e01e3c512c6f0ce3c821a839025dca4408f85616de4aaee70,9284,193,105,109,189,200,207,226,232,245
c3ac1dc666590e2eff952c91db82d0f306c3a289ce7ade428f12d67df3ec794a,c3ac1dc666590e2eff952c91db82d0f306c3a289ce7ade428f12d67df3ec794a,103085,184,107,108,185,194,197,260,266,304
026a55263b5954118f19cf2b3fc953447dd54c50a60348e678ecb75c63635e88,026a55263b5954118f19cf2b3fc953447dd54c50a60348e678ecb75c63635e88,320876,154,117,139,146,153,160,180,214,299
240ea87178940d936967810ad34c251482dafa81f8ece9d4e8f533db8d048f72,240ea87178940d936967810ad34c251482dafa81f8ece9d4e8f533db8d048f72,21348,122,112,118,120,121,123,135,139,145
6842f5355d315f3448b29f691dde48c4a7193d45c1b3f17c5b89b2e8fe26380c,6842f5355d315f3448b29f691dde48c4a7193d45c1b3f17c5b89b2e8fe26380c,510,191,172,172,172,202,208,216,218,218
98f918d512a403234e7dc33fb99a50d84ff9ecc0b1d35059aa32e4b010be0f8e,98f918d512a403234e7dc33fb99a50d84ff9ecc0b1d35059aa32e4b010be0f8e,20086,215,165,175,185,192,218,352,368,392
0a61c8ddfd462fb453b986c9e86b640dcc09862b170d9a9009f2cf28ac0922a9,0a61c8ddfd462fb453b986c9e86b640dcc09862b170d9a9009f2cf28ac0922a9,68949,103,92,95,98,102,111,113,113,117
a00e896dd676e35909f2cdd852db894a1700d46263375e00a3b97beddeb59c70,a00e896dd676e35909f2cdd852db894a1700d46263375e00a3b97beddeb59c70,21104,158,142,147,155,162,163,166,171,175
e088ae6a526a807fc654b4971c3b92d574c5f6760d8384653ef16aad5230fadb,e088ae6a526a807fc654b4971c3b92d574c5f6760d8384653ef16aad5230fadb,691,180,148,170,170,173,190,201,220,221
3ff974b2a0581a7890c4b3902f91fa5f6f62602a6cd9f4edd01b23848038e3f2,3ff974b2a0581a7890c4b3902f91fa5f6f62602a6cd9f4edd01b23848038e3f2,17238,144,137,138,139,141,144,155,189,507
65fb657b8519b14e0a56d255cf4ada899c17fc0064cae15625bed5672f15a3b2,65fb657b8519b14e0a56d255cf4ada899c17fc0064cae15625bed5672f15a3b2,321,108,54,106,109,110,110,110,110,110
c6c999a6f5fbfbf12501a8f6ec9907516cdef2c6aaed4d4f3afb0bceb2c40a01,c6c999a6f5fbfbf12501a8f6ec9907516cdef2c6aaed4d4f3afb0bceb2c40a01,236492,136,125,126,128,131,139,182,193,214
07adcb93d6bbd39b5eccc1e9c0dca72dd1d10fd61903a86216be0cbf5ed0cb1d,07adcb93d6bbd39b5eccc1e9c0dca72dd1d10fd61903a86216be0cbf5ed0cb1d,21308,124,107,111,116,124,134,135,136,142
d414fb0ae7d29dcae99f6ef1434a4b982ade9db715dba7fab1af7e4d69ae4bee,d414fb0ae7d29dcae99f6ef1434a4b982ade9db715dba7fab1af7e4d69ae4bee,17250,128,128,128,128,128,128,128,128,128
cfe9052c072181dd090e8eb630fca6437dc192f38c8ed31da2ae395f9766d96a,cfe9052c072181dd090e8eb630fca6437dc192f38c8ed31da2ae395f9766d96a,19588,176,146,158,173,176,179,197,216,226
e2f7db564ad2f2a67b966e60e4a4eab59401e604647dc34f046ea362583c49c3,e2f7db564ad2f2a67b966e60e4a4eab59401e604647dc34f046ea362583c49c3,493,204,186,203,203,203,203,213,225,231
2465c9f27bb01aca13472baf88d180c092f1fe332506e2523ce649b7beade5a7,2465c9f27bb01aca13472baf88d180c092f1fe332506e2523ce649b7beade5a7,68949,103,92,95,98,102,111,113,113,117
e6c9527702c4e637d60c4df763b44dd5502d7ddff65faaf355c497e6d67cc616,e6c9527702c4e637d60c4df763b44dd5502d7ddff65faaf355c497e6d67cc616,11937,205,166,177,203,207,211,214,224,307
02faf6b277c96098a64eb6570fff604d0d0a5cf63844e1a8f463bdfe242a6a39,02faf6b277c96098a64eb6570fff604d0d0a5cf63844e1a8f463bdfe242a6a39,7251,117,99,114,114,116,118,130,143,147
cd380025daeec4339958c3dc3866e85ba51182bca8c3c6632516238f06c8b85d,cd380025daeec4339958c3dc3866e85ba51182bca8c3c6632516238f06c8b85d,17250,125,125,125,125,125,125,125,125,125
a38df83f68d595ce37207a22115dd7ec2d93c7107e710c807a00c7efab304a66,a38df83f68d595ce37207a22115dd7ec2d93c7107e710c807a00c7efab304a66,506,197,186,186,186,194,209,210,219,219
07c8d88199c996d2b74a70a63ee401bd7999c8ee91eea3115cdd6e6afa53e6ae,07c8d88199c996d2b74a70a63ee401bd7999c8ee91eea3115cdd6e6afa53e6ae,248,129,109,129,129,131,131,131,131,131
1032d76297ee2cc8c5436fdb0f02282ac087ba1cfca24e658265065b6ade9935,1032d76297ee2cc8c5436fdb0f02282ac087ba1cfca24e658265065b6ade9935,21098,143,133,137,140,142,145,149,167,167
390b22aa5f1830814b03abeb76571ed5dc5c1a4a9f5962654635496815e2f3fb,390b22aa5f1830814b03abeb76571ed5dc5c1a4a9f5962654635496815e2f3fb,782,222,207,212,216,221,231,238,240,240
b3f930b51ba8e66779fdd3202f1e2834e9ccd367fda34a1cd08f1ca60a5e6f1a,b3f930b51ba8e66779fdd3202f1e2834e9ccd367fda34a1cd08f1ca60a5e6f1a,758,183,152,169,174,174,201,210,210,214
56012bb7e4b9aee8fed5246760a4e9ce94af7a5ffc203596ef52e71e4291b094,56012bb7e4b9aee8fed5246760a4e9ce94af7a5ffc203596ef52e71e4291b094,17254,242,242,242,242,243,243,243,247,247
934b1d0bd05337b0c1b0b7d791da3bd4888084273cc3e586848467eb3998df6d,934b1d0bd05337b0c1b0b7d791da3bd4888084273cc3e586848467eb3998df6d,262,113,85,111,113,113,114,116,117,117
8cdc77d94f4e786561c44c0381caf4305ef25b4c3921a67036df42c5125b1cde,8cdc77d94f4e786561c44c0381caf4305ef25b4c3921a67036df42c5125b1cde,17587,130,102,106,122,134,139,147,151,152
fd5b978c8c00e62a4eae9e822e2224ce1d2ddb076cbcca327de224fe7e4e822a,fd5b978c8c00e62a4eae9e822e2224ce1d2ddb076cbcca327de224fe7e4e822a,7365,148,115,136,142,147,151,173,180,187
a29c85c09f2a8efaec93fd083516a570420ec28a9622f37c49a023f2b2d17185,a29c85c09f2a8efaec93fd083516a570420ec28a9622f37c49a023f2b2d17185,300,106,71,105,106,107,107,107,107,107
e8e6df2b37d399785d5e0d2d607931636befa0480bb385df684fb346c89927a9,e8e6df2b37d399785d5e0d2d607931636befa0480bb385df684fb346c89927a9,1311,187,115,147,164,184,210,238,238,238
62d72d4c606db94e2d564be5f20f8b88aa4f3d7e09017cfe43fa10f43fca065f,62d72d4c606db94e2d564be5f20f8b88aa4f3d7e09017cfe43fa10f43fca065f,6811,115,96,97,113,116,119,133,137,137
922335f3d209fa21dae2f6f7c83f633bf7c9708d8d3d350c508abf53f04ffea8,922335f3d209fa21dae2f6f7c83f633bf7c9708d8d3d350c508abf53f04ffea8,22727,309,109,119,295,320,328,388,392,403
3a97c0a2aa5e610364fc626f5423dea65227fbfb42b65225a2e21226a6ac8fd8,3a97c0a2aa5e610364fc626f5423dea65227fbfb42b65225a2e21226a6ac8fd8,900,188,172,185,185,187,188,205,214,214
92918e34143d33cd51816632c6d775bf7578fbc60cf7b3eeadcf975815e4b239,92918e34143d33cd51816632c6d775bf7578fbc60cf7b3eeadcf975815e4b239,6370,195,175,182,192,196,201,208,213,229
884a6dca7906c2b59804acb7b56bd9fe4faaef289a6ed8effd847bf32bdba2b0,884a6dca7906c2b59804acb7b56bd9fe4faaef289a6ed8effd847bf32bdba2b0,1493,116,103,111,114,115,115,135,135,136
e52ea87a17ea7a4ad6451865264f9692de136d7d60a7ee769591ee9378a55b67,e52ea87a17ea7a4ad6451865264f9692de136d7d60a7ee769591ee9378a55b67,21308,124,107,111,116,124,134,135,136,142
490f408b7641533e5963c6a0c47462b572836d4ebfed78fa4021bd45de5e9f6a,490f408b7641533e5963c6a0c47462b572836d4ebfed78fa4021bd45de5e9f6a,6386,126,106,111,117,127,133,150,151,152
9d9dfcd24d1fdf37f2d519844c4965bc8662f90dbd4a7ffc065b77d41e55ae62,9d9dfcd24d1fdf37f2d519844c4965bc8662f90dbd4a7ffc065b77d41e55ae62,804,219,205,212,217,219,224,224,240,274
45de6edbff3bd460fae74238c6b26aa762d60b149792e59b2dbe36c4923d2363,45de6edbff3bd460fae74238c6b26aa762d60b149792e59b2dbe36c4923d2363,1738,127,100,111,112,125,143,161,161,161
33f48165137b4d7e9cba86d034d8174cae3affd0e56e6ee49fb40ad50acc7493,33f48165137b4d7e9cba86d034d8174cae3affd0e56e6ee49fb40ad50acc7493,22584,173,144,158,165,173,179,196,223,254
63ecf88a5368aa9c2a33a4918f471513e5b46bcb1bbeeb5a80d1b62c53ef01a9,63ecf88a5368aa9c2a33a4918f471513e5b46bcb1bbeeb5a80d1b62c53ef01a9,262,113,85,111,113,113,114,116,117,117
36ad3766024de48fa2dcd2399e22eab883f78f6966a82935548f4b43cf6f7164,36ad3766024de48fa2dcd2399e22eab883f78f6966a82935548f4b43cf6f7164,4681,202,173,183,196,201,207,225,260,391
345cb4a2744b3fcb2e4b4320a5cf04249839f41525d310ecf1f948b2fd33bb77,345cb4a2744b3fcb2e4b4320a5cf04249839f41525d310ecf1f948b2fd33bb77,10935,174,165,171,172,173,175,188,198,281
92d06fba6627b637d36a7fef40d546e748ec10c2852f55e2b290eacb4171bf4e,92d06fba6627b637d36a7fef40d546e748ec10c2852f55e2b290eacb4171bf4e,7251,117,99,114,114,116,118,130,143,147
003a9666f8c43026072598aef3adfd2251f799697d2eba54f8d4ac3b0e30ea56,003a9666f8c43026072598aef3adfd2251f799697d2eba54f8d4ac3b0e30ea56,17232,120,118,118,119,120,121,126,135,137
b0d2fb81b0966e8c6a74001205680cd2bed94382b221decea7542a2155a74c35,b0d2fb81b0966e8c6a74001205680cd2bed94382b221decea7542a2155a74c35,17250,128,128,128,128,128,128,128,128,128
9f1290a9696c5b0fd070cb6fb2776f22103085cd5d6c6839489d37e1e9c42519,9f1290a9696c5b0fd070cb6fb2776f22103085cd5d6c6839489d37e1e9c42519,900,188,172,185,185,187,188,205,214,214
f9a620860fae1560c621870c3446ea5f6f1b7459b815082586979a53e21634c6,f9a620860fae1560c621870c3446ea5f6f1b7459b815082586979a53e21634c6,6546,139,118,130,132,135,140,151,273,319
9f2316d6944f1e9c0b049ebc782850bacf45628a43f39afb486d6db0f0be39dd,9f2316d6944f1e9c0b049ebc782850bacf45628a43f39afb486d6db0f0be39dd,52772,190,83,172,189,193,200,208,216,386
d719dfb6e7888fae8280f00ab365a13519a0efc5323224ac66a9e67d5910c244,d719dfb6e7888fae8280f00ab365a13519a0efc5323224ac66a9e67d5910c244,17238,214,207,208,210,214,218,223,224,224
e42cc4fb7346764d52b08640807cb17244f19aad5842e995f5c71d2bba8dddf0,e42cc4fb7346764d52b08640807cb17244f19aad5842e995f5c71d2bba8dddf0,17250,102,95,101,102,102,104,104,104,105
944307c2aba670637c23a9eef23fde2f64320b2f37f890c4492f25414160e7e4,944307c2aba670637c23a9eef23fde2f64320b2f37f890c4492f25414160e7e4,17236,110,106,106,108,111,113,116,118,118
cc77b8a2a165a2841a889dc14a5945352952242480ce97fd8712cf96a878339a,cc77b8a2a165a2841a889dc14a5945352952242480ce97fd8712cf96a878339a,1738,127,100,111,112,125,143,161,161,161
be2474804444755601003937fe57fb9b67bd7e4c0fbc9658154f6802667086e3,be2474804444755601003937fe57fb9b67bd7e4c0fbc9658154f6802667086e3,21308,124,107,111,116,124,134,135,136,142
379a1482660d8f3d8114e1c1f2d7e69ff24702de6ece2f4e3d5232552fcd00b3,379a1482660d8f3d8114e1c1f2d7e69ff24702de6ece2f4e3d5232552fcd00b3,248,129,109,129,129,131,131,131,131,131
a30fdd33f2b07e6f1d0db4238ecaf682c6513b9dd18a090dce001a4d7edf1c03,a30fdd33f2b07e6f1d0db4238ecaf682c6513b9dd18a090dce001a4d7edf1c03,17426,196,160,176,185,190,198,237,326,436
543bec406831d26adb9180a679b94c4b8272587f5cadf2bfaafde6aa3b9198c3,543bec406831d26adb9180a679b94c4b8272587f5cadf2bfaafde6aa3b9198c3,758,183,152,169,174,174,201,210,210,214
dea4601f8478398494f420238511441996f37615df112efbdd591a995159dd44,dea4601f8478398494f420238511441996f37615df112efbdd591a995159dd44,21348,122,112,118,120,121,123,135,139,145
642a599bb4a1ce4d027e8c78c167dfb0682afd63d3f87c6b9cfa89334f61b8d2,642a599bb4a1ce4d027e8c78c167dfb0682afd63d3f87c6b9cfa89334f61b8d2,17250,128,128,128,128,128,128,128,128,128
b2a1a73d44f8b8537c29d0301572809a2ea2e28cb1beb391a0bb3dbf3caee2a7,b2a1a73d44f8b8537c29d0301572809a2ea2e28cb1beb391a0bb3dbf3caee2a7,6349,329,180,208,279,325,383,443,529,529
a5dc465ae2b143371cdd22848a99723eb8820dc8386dfde279dcb9e4e5e45e9c,a5dc465ae2b143371cdd22848a99723eb8820dc8386dfde279dcb9e4e5e45e9c,260,199,182,199,199,199,199,203,226,226
1a0e25fdb4dca27fd1a3d6e9fa53a59b36d58ea2965c9e89c85a6411ea4f0117,1a0e25fdb4dca27fd1a3d6e9fa53a59b36d58ea2965c9e89c85a6411ea4f0117,6065,208,171,184,201,210,215,231,234,390
2796d8c747711b4ced17c3ea7da3dd49d841f8bafbbf0ed2fc99b90ddb5717f9,2796d8c747711b4ced17c3ea7da3dd49d841f8bafbbf0ed2fc99b90ddb5717f9,22019,135,105,107,117,124,149,190,219,225
2c08d9e8bdb489d681fa495f8aefb31121396622e6585244b9c1cef86287229b,2c08d9e8bdb489d681fa495f8aefb31121396622e6585244b9c1cef86287229b,2448,186,155,164,172,186,203,207,207,286
ebba2646afabcfb5914b494d29fe60d952c692b11a86abadc029c5a1397603ff,ebba2646afabcfb5914b494d29fe60d952c692b11a86abadc029c5a1397603ff,21308,124,107,111,116,124,134,135,136,142
1e12f4c0f66b4336ca4cb163bdc63647068b6ba6f52dfcfdb6a71315869c3fef,1e12f4c0f66b4336ca4cb163bdc63647068b6ba6f52dfcfdb6a71315869c3fef,262,113,85,111,113,113,114,116,117,117
f3f5a51a21ac9ae808099a344fb8f5e47f45b61b7bbf4e991148fcb427571359,f3f5a51a21ac9ae808099a344fb8f5e47f45b61b7bbf4e991148fcb427571359,1058,114,97,111,114,115,116,118,118,118
e02a7c0f9f0c7d94b82572c5202d38e3b39ffd553b9a0daeaea30ac6e3a3030d,e02a7c0f9f0c7d94b82572c5202d38e3b39ffd553b9a0daeaea30ac6e3a3030d,6811,115,96,97,113,116,119,133,137,137
186b68f2ee5caa405372b5ab617d9781c6a27df94a3c6103636cd01baa66493b,186b68f2ee5caa405372b5ab617d9781c6a27df94a3c6103636cd01baa66493b,17256,133,98,102,125,126,142,161,161,167
87d9dffcfebdc689a9d00c88ced344e33cf6d293080966a84a60adaf6f412b5c,87d9dffcfebdc689a9d00c88ced344e33cf6d293080966a84a60adaf6f412b5c,9150,244,175,232,240,245,253,259,260,260
5fc8161e685f4d34518a7b54b25b0267ae7e3ac266cd889cb96a86f00a62176a,5fc8161e685f4d34518a7b54b25b0267ae7e3ac266cd889cb96a86f00a62176a,262,113,85,111,113,113,114,116,117,117
f952e8b0fa0edaeec269f7111cacdd106460aa82587519473c1729cafd91f101,f952e8b0fa0edaeec269f7111cacdd106460aa82587519473c1729cafd91f101,493,204,186,203,203,203,203,213,225,231
eed6c646dc00befa3da98ca43140ddae92cb91e2c96ae4e79d815b0de4fa3577,eed6c646dc00befa3da98ca43140ddae92cb91e2c96ae4e79d815b0de4fa3577,1738,127,100,111,112,125,143,161,161,161
4695bfb40a0aa45072d92c80f5ea16e210925aa1e98e1b0b003d1c08ae85ac8b,4695bfb40a0aa45072d92c80f5ea16e210925aa1e98e1b0b003d1c08ae85ac8b,2448,186,155,164,172,186,203,207,207,286
2f73db8f9e6345f2c8212284917552f78a3cf62b443192127ca21b5719ac9d87,2f73db8f9e6345f2c8212284917552f78a3cf62b443192127ca21b5719ac9d87,758,183,152,169,174,174,201,210,210,214
b1e1041ab80fa97ab6fcf54e3675e21f2cedbad0eee88cbd06b92a8eb9c01f15,b1e1041ab80fa97ab6fcf54e3675e21f2cedbad0eee88cbd06b92a8eb9c01f15,22019,135,105,107,117,124,149,190,219,225
c4f3bb5ad219eb7d5fd81efafb2c4515de6c0c801bb2456201701039f6d9ce2e,c4f3bb5ad219eb7d5fd81efafb2c4515de6c0c801bb2456201701039f6d9ce2e,17232,120,118,118,119,120,121,126,135,137
c27edcd93655a756c44bf190cb6f968e43f11a1a0814863a5b3c5e509e0255cd,c27edcd93655a756c44bf190cb6f968e43f11a1a0814863a5b3c5e509e0255cd,6370,195,175,182,192,196,201,208,213,229
9ac063531b391056e46f51b79f41bc326393334c1fe40a26ebeb95c45da67a58,9ac063531b391056e46f51b79f41bc326393334c1fe40a26ebeb95c45da67a58,321,108,54,106,109,110,110,110,110,110
d9cccbb800ddbc4d44ee886da46b62cd3983886cd00bc79b089403f82c825368,d9cccbb800ddbc4d44ee886da46b62cd3983886cd00bc79b089403f82c825368,2448,186,155,164,172,186,203,207,207,286
77de38e4b50e618a0ebb95db61e2f42697391659d82c064a5f81b9f48d85ccd5,77de38e4b50e618a0ebb95db61e2f42697391659d82c064a5f81b9f48d85ccd5,18838,119,108,109,114,119,123,135,142,144
c35a7d797457ae5847d74fc7d532015339e24eaa28592fe322c6ecd50a9b880b,c35a7d797457ae5847d74fc7d532015339e24eaa28592fe322c6ecd50a9b880b,17713,105,100,100,102,103,104,104,183,324
0e20f1f70702e3cf108f25ced440145a0b9b4195d94b6bd99af4a39300d83c41,0e20f1f70702e3cf108f25ced440145a0b9b4195d94b6bd99af4a39300d83c41,17927,212,153,201,212,215,220,220,221,236
7a3b66fc5db2c0458a556cfc205f988e0a45968012d7e27acf34f72460a99bd0,7a3b66fc5db2c0458a556cfc205f988e0a45968012d7e27acf34f72460a99bd0,17587,130,102,106,122,134,139,147,151,152
e91d3cbe7810b75f77922ced12491088890f8f29277fd1745b2cbf521834b1db,e91d3cbe7810b75f77922ced12491088890f8f29277fd1745b2cbf521834b1db,10639,227,114,145,203,207,240,415,442,471
e5a1296fb1dd3fe7680e01e45c5b90f34764f4496056c4dacce7d8b83b737379,e5a1296fb1dd3fe7680e01e45c5b90f34764f4496056c4dacce7d8b83b737379,260,172,170,170,170,170,170,204,221,221
cc47c08e36ce87b246817ef11bb3de37a48620154c767756dd20d806f9fc6752,cc47c08e36ce87b246817ef11bb3de37a48620154c767756dd20d806f9fc6752,17252,123,123,124,124,124,124,124,124,124
752f93b37142687c565dfde5104a503d0bb64c93b382044dde909b2887bb1cf0,752f93b37142687c565dfde5104a503d0bb64c93b382044dde909b2887bb1cf0,513,171,151,165,165,173,173,197,227,227
ce5acc440c10b24435633b5b5529a70e629731a352afe8f039822d232f142745,ce5acc440c10b24435633b5b5529a70e629731a352afe8f039822d232f142745,270,141,114,114,144,144,144,148,148,148
15339ca79cc07b6a042e964f99bea552935405ff51c439833d3727cf8e25c2e0,15339ca79cc07b6a042e964f99bea552935405ff51c439833d3727cf8e25c2e0,320876,154,117,139,146,153,160,180,214,299
ed4724976a6352b65e34d093618ec210a155e52544270cde109e11fa69f77804,ed4724976a6352b65e34d093618ec210a155e52544270cde109e11fa69f77804,260,199,182,199,199,199,199,203,226,226
7e5002503ab4164229d84f0fb36c4bc46ee15c5b35df8b94fcfbb4e8ab16fcad,7e5002503ab4164229d84f0fb36c4bc46ee15c5b35df8b94fcfbb4e8ab16fcad,1058,114,97,111,114,115,116,118,118,118
174d6098c8173abd7c8005125b74cac3ad9f3dcbc6de9da4e429f8330644466d,174d6098c8173abd7c8005125b74cac3ad9f3dcbc6de9da4e429f8330644466d,7251,117,99,114,114,116,118,130,143,147
20df2283dc52381932dca18ec8326602a949216f0c6a411de7c17900389c472a,20df2283dc52381932dca18ec8326602a949216f0c6a411de7c17900389c472a,272,131,128,128,128,128,141,143,145,145
463745ae131c30dd8819785b631ef5f0585c7ae460c5675c0113bbabb55eab2c,463745ae131c30dd8819785b631ef5f0585c7ae460c5675c0113bbabb55eab2c,531,206,165,197,199,202,215,220,222,222
e89cf2ae1bacb61017c180d56cbc5b4ed0225dc22b2e68c278162fcde31f3ebd,e89cf2ae1bacb61017c180d56cbc5b4ed0225dc22b2e68c278162fcde31f3ebd,17232,120,118,118,119,120,121,126,135,137
18a80c78c0798ec454184b382327795d2c1855efcab63124048956d2923002fa,18a80c78c0798ec454184b382327795d2c1855efcab63124048956d2923002fa,253843,250,93,105,178,243,304,414,572,1066
5f4de4d3c986cb390271902a7a73e3d16bdfb995921e7a600c17eecdb6b8a2f5,5f4de4d3c986cb390271902a7a73e3d16bdfb995921e7a600c17eecdb6b8a2f5,15199,159,138,146,156,161,166,169,195,205
ff5ae4f6adb91ab0ce9f271e42810a116b4f9792c95e1988240fa0b4d0461591,ff5ae4f6adb91ab0ce9f271e42810a116b4f9792c95e1988240fa0b4d0461591,21537,92,81,88,90,90,91,108,109,109
67164f96dfeef2b15526eaf658cad01c1808c60f625b4aad9d8e6fe808d0720c,67164f96dfeef2b15526eaf658cad01c1808c60f625b4aad9d8e6fe808d0720c,17232,120,118,118,119,120,121,126,135,137
ed818dfd01b4aac98c847faa5298727391151e824c19e25486398aa4d48132a9,ed818dfd01b4aac98c847faa5298727391151e824c19e25486398aa4d48132a9,900,188,172,185,185,187,188,205,214,214
ce83dad431b1b26bf26de798e9f8429f1d95d1194971aed0502481035c1a6872,ce83dad431b1b26bf26de798e9f8429f1d95d1194971aed0502481035c1a6872,17250,102,95,101,102,102,104,104,104,105
d1044733742c7635001829b2cff126d0c96518eda3803f2b64099bb4670c008e,d1044733742c7635001829b2cff126d0c96518eda3803f2b64099bb4670c008e,6811,115,96,97,113,116,119,133,137,137
fad14e1c1b7ecd8ae6c2f302d41fcfd3f5badb18728c1e87873a1a7eba054528,fad14e1c1b7ecd8ae6c2f302d41fcfd3f5badb18728c1e87873a1a7eba054528,260,199,182,199,199,199,199,203,226,226
719355cf7abd7bb15b2e7e5e1c571ea50de6fca1d145a0b03f78a88d7143017c,719355cf7abd7bb15b2e7e5e1c571ea50de6fca1d145a0b03f78a88d7143017c,6065,208,171,184,201,210,215,231,234,390
db5e01a0f30340a8de92515f58c38f3d471eb82fd838ce11a522c4969180e6e2,db5e01a0f30340a8de92515f58c38f3d471eb82fd838ce11a522c4969180e6e2,1738,127,100,111,112,125,143,161,161,161
cdb08a399e5a83ae181de6830586b7137ff2155d001da71968d71f837924ac2e,cdb08a399e5a83ae181de6830586b7137ff2155d001da71968d71f837924ac2e,1649,161,78,82,160,171,172,204,211,387
15d26aacbf663014cb6b11f03225d46e269183ae38367c6298dda66ebe41676d,15d26aacbf663014cb6b11f03225d46e269183ae38367c6298dda66ebe41676d,6370,195,175,182,192,196,201,208,213,229
0a97cc33a5760ad856b8db0f4b18a0510ca0f9aedef6aee97fb1d0e30fa14673,0a97cc33a5760ad856b8db0f4b18a0510ca0f9aedef6aee97fb1d0e30fa14673,103085,184,107,108,185,194,197,260,266,304
2aa3d9670570f168569f4ee9608866b9c5f1e90c5e19c105dd43cd96330f7236,2aa3d9670570f168569f4ee9608866b9c5f1e90c5e19c105dd43cd96330f7236,7113,145,117,126,138,142,154,170,175,190
aa8a8e9608ef672b214a8343c9acc857df27942ba77ea424a451a51ecf72fc07,aa8a8e9608ef672b214a8343c9acc857df27942ba77ea424a451a51ecf72fc07,17250,128,128,128,128,128,128,128,128,128
66760c87199d4c4f7f63f6b809b5f07c44a6f742032dbc9662d8dd9548e11706,66760c87199d4c4f7f63f6b809b5f07c44a6f742032dbc9662d8dd9548e11706,9931,150,128,151,151,151,151,152,152,152
d45b8e7748f9d098b11a038e54cecee4938dc18a3621ee5b14ee96d2b3530862,d45b8e7748f9d098b11a038e54cecee4938dc18a3621ee5b14ee96d2b3530862,409,98,80,92,100,101,101,101,101,101
353e63fde4cd17668240ae8a4482cf5c4e7735a7bac751a22505c7c725a99679,353e63fde4cd17668240ae8a4482cf5c4e7735a7bac751a22505c7c725a99679,6811,115,96,97,113,116,119,133,137,137
b0592970aa9b31e127e7f7a971e0d693d17d04bdf4f9c3918d1aef5395c4bcf2,b0592970aa9b31e127e7f7a971e0d693d17d04bdf4f9c3918d1aef5395c4bcf2,9150,244,175,232,240,245,253,259,260,260
f510c4aeb1adc5a0f469a0a097500fe555cdcfba699a41dc5fe35a875f0e68b2,f510c4aeb1adc5a0f469a0a097500fe555cdcfba699a41dc5fe35a875f0e68b2,6370,195,175,182,192,196,201,208,213,229
da15d5f3714d45083a3434a3ed8afaba9fdbc0a6c5ee7f72ded4778caae71352,da15d5f3714d45083a3434a3ed8afaba9fdbc0a6c5ee7f72ded4778caae71352,1738,127,100,111,112,125,143,161,161,161
217056051a0bdceafa58d7b29b100661125a1ed39be4c7b2f12517f695571ceb,217056051a0bdceafa58d7b29b100661125a1ed39be4c7b2f12517f695571ceb,6386,126,106,111,117,127,133,150,151,152
a831388a369f93049eb2376157b46463379190eb209241d62c2d39ec890e6d42,a831388a369f93049eb2376157b46463379190eb209241d62c2d39ec890e6d42,18838,119,108,109,114,119,123,135,142,144
eea4ddc2b98089ad98aac79b11ce8a988c727f42c9c7f0d36081f1fd5aa8275a,eea4ddc2b98089ad98aac79b11ce8a988c727f42c9c7f0d36081f1fd5aa8275a,3196,200,170,171,198,203,206,209,217,232
5bcaad305bfb7d8c8fb6f66cdc5fca040fa698c641bdc9e73d5978f29fa5eab5,5bcaad305bfb7d8c8fb6f66cdc5fca040fa698c641bdc9e73d5978f29fa5eab5,17232,120,118,118,119,120,121,126,135,137
470987dcfc52af2788660e54894d8fe293f574140cb13b77faba467d84fdd68c,470987dcfc52af2788660e54894d8fe293f574140cb13b77faba467d84fdd68c,17426,196,160,176,185,190,198,237,326,436
9e93a160703b6ea14c992afe9bbdb1f19cad6d73eeb721d3230722fecb35b20a,9e93a160703b6ea14c992afe9bbdb1f19cad6d73eeb721d3230722fecb35b20a,10004,182,160,169,174,176,188,207,211,404
84ffdf6cabf5e5e28584c09dff994dc4aedd0868546163ab4b43d8715894f5ad,84ffdf6cabf5e5e28584c09dff994dc4aedd0868546163ab4b43d8715894f5ad,9150,244,175,232,240,245,253,259,260,260
6dac9cddff32fc082e5ad55ce6fd0c704e3b56ed7b64efaea8e5de7f757e88a7,6dac9cddff32fc082e5ad55ce6fd0c704e3b56ed7b64efaea8e5de7f757e88a7,17265,169,143,147,157,170,186,186,186,186
ce34c0431cb9178a7cf8e44d9860af32d8a2130cb4119778c33c6cd822dacd8a,ce34c0431cb9178a7cf8e44d9860af32d8a2130cb4119778c33c6cd822dacd8a,7251,117,99,114,114,116,118,130,143,147
9914f9c96cdffa2b8245ee452a325055779e07846c98818a5f3592b7bde9dbea,9914f9c96cdffa2b8245ee452a325055779e07846c98818a5f3592b7bde9dbea,1068,109,93,107,108,109,110,117,118,118
22f3eafb981cb330b14b07968d4dcbfb0aaf035ab5a8958f3b54bd24029de625,22f3eafb981cb330b14b07968d4dcbfb0aaf035ab5a8958f3b54bd24029de625,6325,328,122,147,316,338,372,430,434,436
2f545361efcc43060705a7e17c6d68b9ca2f74ff3dbccacaa6e4dbbade2783f6,2f545361efcc43060705a7e17c6d68b9ca2f74ff3dbccacaa6e4dbbade2783f6,17719,107,90,92,99,106,117,130,132,133
35b00d835e5e2fc162f7b87093840c7810737064e6406a26542b518242fc3554,35b00d835e5e2fc162f7b87093840c7810737064e6406a26542b518242fc3554,21965,167,134,145,160,168,175,190,214,238
6824002aafe79defca57818cb3d21e9925650be231f6bfb7a4f2ca3554fd2c21,6824002aafe79defca57818cb3d21e9925650be231f6bfb7a4f2ca3554fd2c21,1493,116,103,111,114,115,115,135,135,136
a8f245c52447f2b9b8d4095ade67a18c2b3028c09a0e9b719ba317a13a0737e6,a8f245c52447f2b9b8d4095ade67a18c2b3028c09a0e9b719ba317a13a0737e6,3395,178,108,141,154,182,193,227,283,284
98aa440d86cd08cd03ec7b2add48220ae44ac264f6c3b769f086dc315e6d354b,98aa440d86cd08cd03ec7b2add48220ae44ac264f6c3b769f086dc315e6d354b,2633,137,117,129,132,135,144,148,149,149
edf8e387e2227e5be9a881ff16a40367830e4519c1eeb4f0316e3b0383f70dff,edf8e387e2227e5be9a881ff16a40367830e4519c1eeb4f0316e3b0383f70dff,17256,133,98,102,125,126,142,161,161,167
28c234e93ed8d39fd2663ee6976be62c9a1bf993a877a5c3e62e86dcdd3f9c8e,28c234e93ed8d39fd2663ee6976be62c9a1bf993a877a5c3e62e86dcdd3f9c8e,61946,121,106,108,117,119,126,136,141,148
5925c81e2e3eb9e6a1195382c4546cf25f068ab3e84ecff1991c30f070bc2265,5925c81e2e3eb9e6a1195382c4546cf25f068ab3e84ecff1991c30f070bc2265,253,192,117,165,176,192,204,230,230,230
c7ed573076f81a130c2aea882fd4320dd8995c000709bb664339907b774dfbd7,c7ed573076f81a130c2aea882fd4320dd8995c000709bb664339907b774dfbd7,260,199,182,199,199,199,199,203,226,226
cee7ff53b4b4843c48705f84c686b4c0c39d62cb34b3bf4190d883a2016a8456,cee7ff53b4b4843c48705f84c686b4c0c39d62cb34b3bf4190d883a2016a8456,22847,239,132,142,230,255,262,284,299,374
8deb0334a822a338f54f569540e5ac1723b4d84eca6f7d704d4aa1c46c3fc59a,8deb0334a822a338f54f569540e5ac1723b4d84eca6f7d704d4aa1c46c3fc59a,758,183,152,169,174,174,201,210,210,214
e134ff003439a751de654082a8aabfaa6066de015aad9a8f87f90b520d02b616,e134ff003439a751de654082a8aabfaa6066de015aad9a8f87f90b520d02b616,6811,115,96,97,113,116,119,133,137,137
e75b892b85235af815f992b56dabad5b03a2192db03eb3a7f0e47df5e9a88677,e75b892b85235af815f992b56dabad5b03a2192db03eb3a7f0e47df5e9a88677,263,111,74,107,113,113,113,113,113,113
57f0e8036a6038d819c7a5e5b0aea7c5d6d59a101d5ea73eb6cc7fc761ec22fe,57f0e8036a6038d819c7a5e5b0aea7c5d6d59a101d5ea73eb6cc7fc761ec22fe,17250,125,125,125,125,125,125,125,125,125
79355b5f4871e562ca1e2b8788b8c17e63745666e33a8b56a9617e1c4026c592,79355b5f4871e562ca1e2b8788b8c17e63745666e33a8b56a9617e1c4026c592,531,206,165,197,199,202,215,220,222,222
c0d259feb1cbfdeaec08246989f357203187f3586833d5805ee6424c24b39a8e,c0d259feb1cbfdeaec08246989f357203187f3586833d5805ee6424c24b39a8e,3395,178,108,141,154,182,193,227,283,284
abf86586629d364b0c3c6c4cbd049bd65d42d3db4a7fae384e2e7f9989a4dd60,abf86586629d364b0c3c6c4cbd049bd65d42d3db4a7fae384e2e7f9989a4dd60,6390,142,105,122,135,148,151,154,154,155
4a7adb6f08f32818cfef1abee4ac37ac7b30c14921b7cd79f2147370bcfc0f71,4a7adb6f08f32818cfef1abee4ac37ac7b30c14921b7cd79f2147370bcfc0f71,262,113,85,111,113,113,114,116,117,117
35d7d9cb3030ce294398bf0f0629a957588a35d94392d7e5ec578b25ddaacaad,35d7d9cb3030ce294398bf0f0629a957588a35d94392d7e5ec578b25ddaacaad,510,191,172,172,172,202,208,216,218,218
0655faf9c3354a2bead876a6f4225a8049d065905a2fdf451ba7ff8cbdddbfb3,0655faf9c3354a2bead876a6f4225a8049d065905a2fdf451ba7ff8cbdddbfb3,21098,143,133,137,140,142,145,149,167,167
fd5002df86e73fd055236273a293e704d0ee15d61dd8d086272434b67b395bc3,fd5002df86e73fd055236273a293e704d0ee15d61dd8d086272434b67b395bc3,7251,117,99,114,114,116,118,130,143,147
12f39a94fb2e28f8a6509c1a9f7c4e805a9b1acb99bb71b11fb24864ba8b1dae,12f39a94fb2e28f8a6509c1a9f7c4e805a9b1acb99bb71b11fb24864ba8b1dae,262,113,85,111,113,113,114,116,117,117
5eb5252827cb2f9563df13d913cc576670bc0ed0cf258fb86dfa6c212f17cf09,5eb5252827cb2f9563df13d913cc576670bc0ed0cf258fb86dfa6c212f17cf09,17250,125,125,125,125,125,125,125,125,125
83407cfea4929caf2d29aa58c1791214617de8926e442646c1debeb83e9e18bb,83407cfea4929caf2d29aa58c1791214617de8926e442646c1debeb83e9e18bb,17587,130,102,106,122,134,139,147,151,152
1c66ba952d7dc8c6d03bc01c7846d15d5f2e43a47e057daf2379fdd020731512,1c66ba952d7dc8c6d03bc01c7846d15d5f2e43a47e057daf2379fdd020731512,17254,179,179,179,179,180,180,180,180,180
428b1b1ded4601901ec79cfa9fefc88951336fc2872795c164a966d58dfc8f4b,428b1b1ded4601901ec79cfa9fefc88951336fc2872795c164a966d58dfc8f4b,103442,218,181,181,207,219,243,249,252,261
dccb446829635d5e2451f9d2fe678625e493eeb4380c9867269c03bcb42bd15c,dccb446829635d5e2451f9d2fe678625e493eeb4380c9867269c03bcb42bd15c,10004,182,160,169,174,176,188,207,211,404
9b53c231fbf3823a42d352714937940b9268d89f5bb9b9be8c13c7e90457adaf,9b53c231fbf3823a42d352714937940b9268d89f5bb9b9be8c13c7e90457adaf,34478,322,119,131,281,332,382,443,464,482
7c0c3ba14048876d00c21b57716959e325a932cd05a993ed4bfc3fe317df9e87,7c0c3ba14048876d00c21b57716959e325a932cd05a993ed4bfc3fe317df9e87,17254,156,150,150,151,152,165,167,169,175
98065accbd5e80187a48d816509dbc035627dac3d3636916b634274cdcfd0c0b,98065accbd5e80187a48d816509dbc035627dac3d3636916b634274cdcfd0c0b,6546,139,118,130,132,135,140,151,273,319
b67d146e9e84a338814514ebab307f5a16b4234efa824fa37a52d9030792ca15,b67d146e9e84a338814514ebab307f5a16b4234efa824fa37a52d9030792ca15,1311,187,115,147,164,184,210,238,238,238
9bbea54f524bf6162c751b8455fde287e838b174a383321435d59c53e2a80dfe,9bbea54f524bf6162c751b8455fde287e838b174a383321435d59c53e2a80dfe,7251,117,99,114,114,116,118,130,143,147
1f9f9b0e28ddbc5d073675a4debc163aa761d4350ce51bffa57819ad23178bc8,1f9f9b0e28ddbc5d073675a4debc163aa761d4350ce51bffa57819ad23178bc8,260,172,170,170,170,170,170,204,221,221
73e11a36a9876a97893883fc5ec3c4b9d5633a90d8e0f54f9b1216882976b660,73e11a36a9876a97893883fc5ec3c4b9d5633a90d8e0f54f9b1216882976b660,20356,112,89,100,104,108,122,133,135,142
302945308eb9b82298dab866b62043586b54c966ae4917c459314f5b79f0f570,302945308eb9b82298dab866b62043586b54c966ae4917c459314f5b79f0f570,3395,178,108,141,154,182,193,227,283,284
5b4a13e5463cf3e99c7babb36a063624691f25019014242671f0c889a87ac256,5b4a13e5463cf3e99c7babb36a063624691f25019014242671f0c889a87ac256,61946,121,106,108,117,119,126,136,141,148
70576367add5cecc88f54595aeda2264354c7a45e374aef4e4f3186fcbc5b141,70576367add5cecc88f54595aeda2264354c7a45e374aef4e4f3186fcbc5b141,17252,123,123,124,124,124,124,124,124,124
190e96392b639a795a3cc72094c0a32d780f69cfa524dbb4c9983ee1791bee8b,190e96392b639a795a3cc72094c0a32d780f69cfa524dbb4c9983ee1791bee8b,900,188,172,185,185,187,188,205,214,214
061c862e479b0e635084555068d33f95e318b89103ed69485602228d000ca883,061c862e479b0e635084555068d33f95e318b89103ed69485602228d000ca883,11937,205,166,177,203,207,211,214,224,307
9efee7f3e6f00997e34a7b10cc4fd1ca8e70c04c75f6c783c580a59516481284,9efee7f3e6f00997e34a7b10cc4fd1ca8e70c04c75f6c783c580a59516481284,264,203,172,200,201,201,208,211,228,228
61a7c69065888333b433c7015cbd446d46be06238bdf752af20a5553e6cf004b,61a7c69065888333b433c7015cbd446d46be06238bdf752af20a5553e6cf004b,900,188,172,185,185,187,188,205,214,214
b7cab8f7ff7ff095a2bfcd0f99ec2b845898c83d3ad2048d4ab1af61f0659276,b7cab8f7ff7ff095a2bfcd0f99ec2b845898c83d3ad2048d4ab1af61f0659276,21308,124,107,111,116,124,134,135,136,142
07e3213573b37701006bc873218617597f12477e1b814f5507663dcf68dac1c7,07e3213573b37701006bc873218617597f12477e1b814f5507663dcf68dac1c7,1998,194,169,180,188,194,203,213,217,246
2d5caef2a6c849150ef35038794a9d83f7beeaaa467e9068bffc5c3ff1cac811,2d5caef2a6c849150ef35038794a9d83f7beeaaa467e9068bffc5c3ff1cac811,104990,149,120,122,131,138,160,206,216,231
8466191e7f55a3cc2df462fe9c8150de83c72d4f0cedfc4707e20c26614c60fa,8466191e7f55a3cc2df462fe9c8150de83c72d4f0cedfc4707e20c26614c60fa,262,113,85,111,113,113,114,116,117,117
3a8eaa4c6332b44985515a0fee011f6b180886a72da970f5319f8cbe61fa9006,3a8eaa4c6332b44985515a0fee011f6b180886a72da970f5319f8cbe61fa9006,17254,179,179,179,179,180,180,180,180,180
ff4f950b3bdaa8f741e4cb8c1618f2f085c205b5243afb12ac28c7a92439723b,ff4f950b3bdaa8f741e4cb8c1618f2f085c205b5243afb12ac28c7a92439723b,18838,119,108,109,114,119,123,135,142,144
2b9f80ab5420fe005e4aa788de07217b962cfffcc96e25f6a6ed04ff61ae6e8b,2b9f80ab5420fe005e4aa788de07217b962cfffcc96e25f6a6ed04ff61ae6e8b,17256,133,98,102,125,126,142,161,161,167
87b6f574fa28fcfd64d26738aed225c7993d23b61ec3ce98b32b1c04f51b78b8,87b6f574fa28fcfd64d26738aed225c7993d23b61ec3ce98b32b1c04f51b78b8,758,183,152,169,174,174,201,210,210,214
39ff87bb0b09e9b32ae7ae542e9bdf6f151db1a76d6c8c8083d0c00b192170d8,39ff87bb0b09e9b32ae7ae542e9bdf6f151db1a76d6c8c8083d0c00b192170d8,1058,114,97,111,114,115,116,118,118,118
21deb62adeeda95b223e9d486f7771877e5105b6777337d4d180b961bbb956ca,21deb62adeeda95b223e9d486f7771877e5105b6777337d4d180b961bbb956ca,17250,125,125,125,125,125,125,125,125,125
9d414c3ea14efd68a14ca60d11615e719f647991e0fdc41dfcf23a7fd5d3d70a,9d414c3ea14efd68a14ca60d11615e719f647991e0fdc41dfcf23a7fd5d3d70a,531,206,165,197,199,202,215,220,222,222
7ae0d4f650606799d1dd077ebfd3c49adcb301df4b204946afb893428b7c8c6f,7ae0d4f650606799d1dd077ebfd3c49adcb301df4b204946afb893428b7c8c6f,7251,117,99,114,114,116,118,130,143,147
1dd9f5bf86ec923772232a1fd2e117d7c75eabb305ef8c3b7cc56621e7b0859c,1dd9f5bf86ec923772232a1fd2e117d7c75eabb305ef8c3b7cc56621e7b0859c,17397,185,184,184,184,184,189,190,191,211
0c549809caa452e7b3d87a74128337a057134d143ff517ae1ad464a8b2679e1d,0c549809caa452e7b3d87a74128337a057134d143ff517ae1ad464a8b2679e1d,17236,226,220,220,222,226,229,240,241,241
b863eaaf0bd6ad2ee2e7efa293e34860002b4c09c768d4fc108ab95f0bce8079,b863eaaf0bd6ad2ee2e7efa293e34860002b4c09c768d4fc108ab95f0bce8079,6386,126,106,111,117,127,133,150,151,152
c9ed5a1e934d35cd3c87f868d30af2ddb4acc2ed7df610409ce2f19b815fc692,c9ed5a1e934d35cd3c87f868d30af2ddb4acc2ed7df610409ce2f19b815fc692,22019,135,105,107,117,124,149,190,219,225
ad9c099d11e68d20a3964d4016c7d07cfc5a30900b77ed68574be59ab27a9325,ad9c099d11e68d20a3964d4016c7d07cfc5a30900b77ed68574be59ab27a9325,17249,189,187,187,188,191,191,192,192,194
1c73148b3c349d8ca105c0bb70695c2f5d76802c905df925af8568dc5586046e,1c73148b3c349d8ca105c0bb70695c2f5d76802c905df925af8568dc5586046e,272,131,128,128,128,128,141,143,145,145
ba5b5b43338dd222d7b09f248b37edefa4c063c731c095b2bacb6c689c438633,ba5b5b43338dd222d7b09f248b37edefa4c063c731c095b2bacb6c689c438633,18838,119,108,109,114,119,123,135,142,144
5bccb3423f11f3f806e611da8baa539066614336ffd672bd6ea37d39d67c220e,5bccb3423f11f3f806e611da8baa539066614336ffd672bd6ea37d39d67c220e,7365,148,115,136,142,147,151,173,180,187
ca1a9e8a9d228ecf756c02ce9c3c72a2ceaaf976f4566ee97f601e7d43ef9924,ca1a9e8a9d228ecf756c02ce9c3c72a2ceaaf976f4566ee97f601e7d43ef9924,20460,216,191,201,211,218,223,233,237,284
30601e2679ca2261512dd4a042f166e33f719a7e69f0580f79fee5185f6861f4,30601e2679ca2261512dd4a042f166e33f719a7e69f0580f79fee5185f6861f4,10404,138,97,113,126,142,148,171,175,175
79d56762b309cbeb32b2c2d4c86937cf071aa5d7602d49acf662054d8f530c97,79d56762b309cbeb32b2c2d4c86937cf071aa5d7602d49acf662054d8f530c97,10004,182,160,169,174,176,188,207,211,404
f54f7de65eb30f4922623d7f468d953f3b4dfd3e0eb27446d49a55ff5fbb5b82,f54f7de65eb30f4922623d7f468d953f3b4dfd3e0eb27446d49a55ff5fbb5b82,260,199,182,199,199,199,199,203,226,226
3dc568a5ce2223b2af2c776a0f6e543f2e7b05a5d0765c722f0992df453d886f,3dc568a5ce2223b2af2c776a0f6e543f2e7b05a5d0765c722f0992df453d886f,17252,123,123,124,124,124,124,124,124,124
1b8ba69eb617d53f4c06c0b92f7775abf3e6e9f57171a6280ef5cc8aa50ca92e,1b8ba69eb617d53f4c06c0b92f7775abf3e6e9f57171a6280ef5cc8aa50ca92e,20356,112,89,100,104,108,122,133,135,142
29c25fcf676fba25d373c8cd944b8c0a992e7767a043f2697e0a0908e9488448,29c25fcf676fba25d373c8cd944b8c0a992e7767a043f2697e0a0908e9488448,47498,163,111,139,151,158,176,193,258,289
52d13fa61f38f21edb12b03f5df32b7d67f10f1195f5cd0f69bf0a7cdc739a9a,52d13fa61f38f21edb12b03f5df32b7d67f10f1195f5cd0f69bf0a7cdc739a9a,262,113,85,111,113,113,114,116,117,117
085fe1778d3e64aecdd2954a1367169b3d2f6808bb78904cf945b65d1c9a69b7,085fe1778d3e64aecdd2954a1367169b3d2f6808bb78904cf945b65d1c9a69b7,758,183,152,169,174,174,201,210,210,214
1b9ac673d9ba28ccca0138c02ebb23299dd9236df2e4289c8871484bde2ad0fb,1b9ac673d9ba28ccca0138c02ebb23299dd9236df2e4289c8871484bde2ad0fb,21537,92,81,88,90,90,91,108,109,109
ba13d0686615c59fcace1f582cbd60d406a9246c4b318391db9666b0364a3150,ba13d0686615c59fcace1f582cbd60d406a9246c4b318391db9666b0364a3150,1049,444,141,161,259,349,602,825,894,894
ecabc00f0c4571720f6202df88abae8c66343e730818d0fcf39609bb5beabe76,ecabc00f0c4571720f6202df88abae8c66343e730818d0fcf39609bb5beabe76,1738,127,100,111,112,125,143,161,161,161
60f8029a7f635c386163216ba180c4daac65a62c20ca41b6f71377aa0da108e4,60f8029a7f635c386163216ba180c4daac65a62c20ca41b6f71377aa0da108e4,804,219,205,212,217,219,224,224,240,274
2877eaf18d3b6aad0ffc50275c1e0727accbeda7f5c17256329bb751cb0546c8,2877eaf18d3b6aad0ffc50275c1e0727accbeda7f5c17256329bb751cb0546c8,17254,179,179,179,179,180,180,180,180,180
517ddaa188aae0aab4f0339b2ea15682bd3b60c3c1dccca322bd3f5eaea68504,517ddaa188aae0aab4f0339b2ea15682bd3b60c3c1dccca322bd3f5eaea68504,17397,185,184,184,184,184,189,190,191,211
5144edf0af940a49c4630b6b19019db7864a04cb68b1ac92d9033fb31bc27d99,5144edf0af940a49c4630b6b19019db7864a04cb68b1ac92d9033fb31bc27d99,6386,126,106,111,117,127,133,150,151,152
0d809c755f28c56ecad624a7e67f095d19555439473239e4e4c726096cccc382,0d809c755f28c56ecad624a7e67f095d19555439473239e4e4c726096cccc382,6386,126,106,111,117,127,133,150,151,152
be2917adf498a652ae197d168d0ed7d3c1fdf842a7e2c10781c89cbec16edc08,be2917adf498a652ae197d168d0ed7d3c1fdf842a7e2c10781c89cbec16edc08,17250,102,95,101,102,102,104,104,104,105
4989855d50428f57411a80e873e15fb0f497995a62f5e1cce906ee8bcdaaea7e,4989855d50428f57411a80e873e15fb0f497995a62f5e1cce906ee8bcdaaea7e,4681,202,173,183,196,201,207,225,260,391
3518c05c5fc8d376696771a0901828185703bad00c0b633c8210c9cfa6983cbc,3518c05c5fc8d376696771a0901828185703bad00c0b633c8210c9cfa6983cbc,8563,134,102,119,130,134,138,147,166,166
fa2dd073db897925dad5f1a8c86d05458d47c99a6e7909482eb80564a5a459b6,fa2dd073db897925dad5f1a8c86d05458d47c99a6e7909482eb80564a5a459b6,493,204,186,203,203,203,203,213,225,231
a8906322212855f0c8902686135c8bb378ff5484273f77704e3a866a7041ef03,a8906322212855f0c8902686135c8bb378ff5484273f77704e3a866a7041ef03,7365,148,115,136,142,147,151,173,180,187
d7fdd7af69bc865f9f186302860814f0a57aaa5a9a6183febfd9dc1a65836c75,d7fdd7af69bc865f9f186302860814f0a57aaa5a9a6183febfd9dc1a65836c75,1058,114,97,111,114,115,116,118,118,118
b45af7bb9f7234dc678dc54e82959c0cd7e4dc7a3783c7237343c8b923e43612,b45af7bb9f7234dc678dc54e82959c0cd7e4dc7a3783c7237343c8b923e43612,7251,117,99,114,114,116,118,130,143,147
8acd37161454a3f6891a2f37fbffe9bbd7016fada44f5ac74141cf395516c57c,8acd37161454a3f6891a2f37fbffe9bbd7016fada44f5ac74141cf395516c57c,900,188,172,185,185,187,188,205,214,214
6f1d0d5be0db462b53d540e2aadb88c5432f0609c51dba2513deccecf0565c4f,6f1d0d5be0db462b53d540e2aadb88c5432f0609c51dba2513deccecf0565c4f,17250,125,125,125,125,125,125,125,125,125
fe79c624d2ecfd4bec39e8df217b6d9f30e7382b69405e1524814ed54b3476d9,fe79c624d2ecfd4bec39e8df217b6d9f30e7382b69405e1524814ed54b3476d9,3395,178,108,141,154,182,193,227,283,284
68279fc239c91593e161ee28eeaaff9a7abe52b6c866b42b8249a55ca3ec6d5d,68279fc239c91593e161ee28eeaaff9a7abe52b6c866b42b8249a55ca3ec6d5d,17252,123,123,124,124,124,124,124,124,124
3e300e807e033f71c1d775cff945031b1ade0122c1114a8b0fa994cfcb45bce3,3e300e807e033f71c1d775cff945031b1ade0122c1114a8b0fa994cfcb45bce3,9284,193,105,109,189,200,207,226,232,245
36eea261d23a18d7e9526f52a739cf90f98b54d933458af275d3041c4fd7f59b,36eea261d23a18d7e9526f52a739cf90f98b54d933458af275d3041c4fd7f59b,20356,112,89,100,104,108,122,133,135,142
db55e1b1f0979b5e7d717e1c30564fd2e0107bda2e73ec31195ec4733ea096da,db55e1b1f0979b5e7d717e1c30564fd2e0107bda2e73ec31195ec4733ea096da,3196,200,170,171,198,203,206,209,217,232
629bf9cde08abe9e60678f9d015c6fcbbf337c35c28b94f691e89b05ee21007c,629bf9cde08abe9e60678f9d015c6fcbbf337c35c28b94f691e89b05ee21007c,1738,127,100,111,112,125,143,161,161,161
fd19b1c331af9316b783073fb8de43b88b3ad9281bec542b9bd73c4cefcec4ef,fd19b1c331af9316b783073fb8de43b88b3ad9281bec542b9bd73c4cefcec4ef,4681,202,173,183,196,201,207,225,260,391
650fc8f7b366568775b88fcd98c6118f8f1911341429777687b73da93a070605,650fc8f7b366568775b88fcd98c6118f8f1911341429777687b73da93a070605,10404,138,97,113,126,142,148,171,175,175
5bfc9abf38c05e5df0c7ac6891486f4dfb5da758ceedf9ace623bdb732c952ff,5bfc9abf38c05e5df0c7ac6891486f4dfb5da758ceedf9ace623bdb732c952ff,17250,125,125,125,125,125,125,125,125,125
75c839b6e080df89b07c26265230112efe78a15962707ff294953913e2fd5986,75c839b6e080df89b07c26265230112efe78a15962707ff294953913e2fd5986,21359,99,87,90,91,98,109,109,110,110
ba8e161e081b0d4b5d056c815df800df9e737d3c531d8ebfc9480d8e84134b39,ba8e161e081b0d4b5d056c815df800df9e737d3c531d8ebfc9480d8e84134b39,260,172,170,170,170,170,170,204,221,221
96b45b04d6873dc7e2e6fa739aed0b22a18729011289a61a935a02af3e4d5d4d,96b45b04d6873dc7e2e6fa739aed0b22a18729011289a61a935a02af3e4d5d4d,6811,115,96,97,113,116,119,133,137,137
015617651c3bfde6ba1357f44b6c8b1a572abbb54ce48856576f82a03c19552a,015617651c3bfde6ba1357f44b6c8b1a572abbb54ce48856576f82a03c19552a,1961,334,111,142,205,317,435,605,643,672
3af6a3a239cf278e28eb8b77325ebeff66d1d3205913f602bcb5f7b85b2f7a3d,3af6a3a239cf278e28eb8b77325ebeff66d1d3205913f602bcb5f7b85b2f7a3d,17587,130,102,106,122,134,139,147,151,152
9e0f44bc7dfd341db7d322c769e8692d31849acb4c25730ba35dbc9174473ffa,9e0f44bc7dfd341db7d322c769e8692d31849acb4c25730ba35dbc9174473ffa,17250,125,125,125,125,125,125,125,125,125
07f851baf76e7d66ab76c0d17b79e954f9ac24e867db228ea1962845494a2f88,07f851baf76e7d66ab76c0d17b79e954f9ac24e867db228ea1962845494a2f88,758,183,152,169,174,174,201,210,210,214
b0f6f8c5ab7dd7df7e951e7ece33ca26e70d0a03e35fc62bc4d1cbda689ebaf6,b0f6f8c5ab7dd7df7e951e7ece33ca26e70d0a03e35fc62bc4d1cbda689ebaf6,591,164,101,152,161,169,169,174,176,176
09efbf9fe0fa8bcabe5f6a34d810535365bf6d96cdcb7d454e4cf7881ce7497c,09efbf9fe0fa8bcabe5f6a34d810535365bf6d96cdcb7d454e4cf7881ce7497c,17397,185,184,184,184,184,189,190,191,211
500f740d5768566345b6a5d90c3e13029fbf6f82dfa1b453aca58e2780cc2495,500f740d5768566345b6a5d90c3e13029fbf6f82dfa1b453aca58e2780cc2495,17587,130,102,106,122,134,139,147,151,152
5d6c26af206a3d3534d9b369f09db7b869b31111e31a256bfb7b0129c4f226f0,5d6c26af206a3d3534d9b369f09db7b869b31111e31a256bfb7b0129c4f226f0,17249,189,187,187,188,191,191,192,192,194
d31f2363c5add27d80f4b3bf33340df36cd19ed264be3fac11f518bde21e4c50,d31f2363c5add27d80f4b3bf33340df36cd19ed264be3fac11f518bde21e4c50,17232,120,118,118,119,120,121,126,135,137
0d0e638e8657bfcc1df918afcc7b9a440ef04a14e0ba4c36fabf10c15a8b0b0b,0d0e638e8657bfcc1df918afcc7b9a440ef04a14e0ba4c36fabf10c15a8b0b0b,21537,92,81,88,90,90,91,108,109,109
